time;Pixel forehead
0;212.23587466074514
1.065;211.30954115076474
1.2;212.35236875800257
1.267;212.11318822023048
1.3;212.9531165311653
1.402;213.5098468271335
1.469;213.5098468271335
1.504;213.2272093671592
1.541;213.2272093671592
1.608;212.415544332211
1.675;212.31680974799224
1.741;212.31680974799224
1.775;212.17545304777596
1.842;211.73997803404723
1.908;211.42909090909092
1.979;211.90016547159405
2.063;211.776889134032
2.108;213.6625034693311
2.143;214.6097696364141
2.224;216.5789761839584
2.292;216.2024302678818
2.326;218.10190555095278
2.393;216.33873969688912
2.427;218.0332358415315
2.507;220.26949806949807
2.587;220.26949806949807
2.622;220.55073170731708
2.656;220.55073170731708
2.723;220.575594960336
2.756;220.84251049930003
2.79;222.21473922902496
2.906;223.37920072661217
2.976;222.69845594913716
3.041;222.2080521817364
3.079;222.2080521817364
3.146;222.93155635870792
3.18;223.01942624802348
3.219;224.2687389770723
3.255;223.5156525573192
3.322;223.93085106382978
3.395;223.91705477933021
3.442;223.91705477933021
3.479;224.45239159588735
3.513;224.45239159588735
3.552;224.16089658233466
3.585;224.42410119840213
3.652;224.42410119840213
3.718;224.3560943060498
3.754;224.78002669039145
3.788;224.21869449378332
3.824;224.931838365897
3.926;225.05302857142857
3.993;224.0864337568058
4.028;224.19033575317604
4.097;224.35051778478163
4.133;224.35051778478163
4.17;224.81090174966351
4.204;224.81090174966351
4.24;225.14939434724093
4.275;225.14939434724093
4.341;225.09574228429827
4.375;224.95787339490877
4.443;224.51787310098302
4.51;224.76424228777302
4.543;224.76424228777302
4.577;224.39084348218313
4.61;223.72507893549843
4.645;223.3620650443484
4.679;223.3620650443484
4.713;222.80577666590858
4.778;221.94411360513055
4.844;221.02038479157125
4.916;221.02038479157125
4.983;220.04914232730644
5.018;220.37366713027353
5.09;221.35512033978293
5.158;221.45233600755074
5.195;221.8893547635686
5.262;223.15606801770323
5.298;222.59677795937426
5.366;223.06023815082887
5.434;222.9615918556224
5.472;222.9615918556224
5.516;222.69967607589078
5.551;222.21095152603232
5.585;222.41629263913825
5.619;222.45309694793536
5.685;221.90696132596685
5.719;222.63400447427293
5.755;222.63400447427293
5.794;222.98590604026845
5.828;222.67034178610805
5.911;222.7058434399118
5.95;222.99150458305388
5.992;222.91236306729263
6.029;222.91236306729263
6.061;223.06107545917237
6.096;223.06107545917237
6.161;222.98362469572913
6.195;222.6917459614959
6.262;222.67412280701754
6.296;222.67412280701754
6.362;222.77446619217082
6.395;222.88389679715303
6.462;222.88389679715303
6.495;222.65144230769232
6.563;222.7159090909091
6.596;223.3639779005525
6.63;222.98276243093923
6.697;222.37491863744847
6.767;222.3343458450857
6.804;222.70869755244755
6.838;222.92263986013987
6.872;222.92263986013987
6.94;222.7007486631016
7.011;222.63327526132403
7.08;222.78702090592336
7.147;222.64577071704593
7.182;222.8085015027909
7.217;223.2759747331736
7.251;223.8590720975822
7.291;223.8590720975822
7.328;224.06805374945816
7.379;224.14629388816644
7.414;223.58338755150726
7.458;223.7250054218174
7.492;223.7250054218174
7.529;223.67425721101714
7.564;223.9750488175309
7.598;224.07789108266437
7.634;223.7448275862069
7.67;223.68340517241379
7.707;223.8203788373612
7.744;223.51970389723493
7.811;222.5938448201127
7.89;222.37559601213698
7.925;222.35814360770578
7.993;222.2460595446585
8.058;221.96360862933102
8.093;221.9875789932447
8.16;221.66125137211856
8.226;221.66125137211856
8.264;221.85228031145718
8.329;221.8921023359288
8.363;222.72751859364436
8.397;222.72751859364436
8.434;222.9078061911171
8.506;222.44751009421265
8.539;222.55457825890844
8.573;222.55457825890844
8.639;222.4040561622465
8.673;222.85067974147537
8.707;222.69957655449076
8.743;222.69957655449076
8.81;223.13640490240581
8.843;223.13640490240581
8.876;223.5079185520362
8.91;223.5079185520362
8.949;223.3153554713617
9.026;223.4383775351014
9.093;223.28209645452543
9.127;223.28209645452543
9.195;223.49554444685938
9.228;223.74961964790262
9.263;223.55446836268754
9.295;223.2709284627093
9.329;223.2709284627093
9.362;222.77275675675676
9.396;222.77275675675676
9.463;222.62019022913964
9.515;222.80242109814094
9.565;222.94187845303867
9.602;222.94187845303867
9.638;223.05878453038673
9.673;222.62954048140043
9.705;222.50437636761487
9.758;222.2878357720026
9.796;222.04083861105045
9.832;222.04083861105045
9.866;222.7739665787159
9.902;222.7739665787159
9.935;222.8995162708883
9.97;222.9505277044855
10.037;222.53923939327325
10.104;222.39942844581228
10.172;222.5153999556836
10.205;222.7516064701972
10.241;222.7516064701972
10.276;222.64062845762336
10.344;223.13048294195835
10.377;223.13048294195835
10.419;223.03256747713584
10.488;223.09457952264108
10.527;223.04575744113728
10.561;222.7800977343403
10.596;222.7800977343403
10.633;222.5910706352732
10.667;222.8255300353357
10.701;222.71819787985865
10.735;222.69674129904678
10.768;222.76435380181778
10.845;222.3129873022945
10.914;222.2695477834707
10.948;222.33660276415515
10.981;222.41038787338385
11.048;222.29773897470338
11.083;222.29773897470338
11.12;222.52364118426868
11.154;222.52364118426868
11.188;222.4818824569156
11.256;222.33258477430945
11.29;222.33258477430945
11.324;222.16383169203223
11.358;222.16383169203223
11.433;222.0971351835273
11.466;222.7368890872573
11.501;222.7368890872573
11.537;223.0973909131804
11.57;223.0973909131804
11.637;223.39044183949505
11.671;223.23467087466184
11.709;223.23467087466184
11.743;223.31927175843694
11.778;223.31927175843694
11.813;223.68361456483126
11.88;224.29727921498662
11.917;224.29727921498662
11.951;224.23394290811774
12.019;223.93298736462094
12.087;223.49852841294995
12.126;223.49852841294995
12.194;223.56458897922312
12.228;223.59823848238483
12.268;223.30751862722963
12.342;223.01445021449538
12.409;223.13488797439416
12.443;222.98491083676268
12.478;222.98491083676268
12.511;222.56410256410257
12.55;222.56410256410257
12.617;222.42144980562543
12.684;222.71344232515895
12.719;222.5374659400545
12.792;222.25318761384335
12.826;222.25318761384335
12.893;222.09970474676356
12.927;222.09970474676356
12.961;221.87022727272728
12.994;222.1356818181818
13.034;222.1356818181818
13.118;221.88166894664843
13.154;221.7450980392157
13.221;221.34778639890462
13.259;221.34778639890462
13.294;221.16300868770006
13.33;221.16300868770006
13.367;221.37926330150069
13.401;221.37926330150069
13.438;221.4977000919963
13.505;221.6373045078197
13.571;221.14920634920634
13.605;221.14920634920634
13.64;220.98480725623583
13.707;221.21350364963504
13.74;221.21350364963504
13.782;221.096091954023
13.856;221.29310344827587
13.89;221.57362033432562
13.929;221.37256697961988
13.996;221.13301391740816
14.032;221.13301391740816
14.112;221.12485811577753
14.178;221.12485811577753
14.217;221.0186745616033
14.285;221.1703484399909
14.319;221.1703484399909
14.353;221.07059895240263
14.387;221.25062713797035
14.426;221.006157354618
14.502;221.27014755959138
14.537;221.3200908059024
14.571;221.74005060961582
14.605;221.74005060961582
14.639;221.80739030023094
14.672;221.80739030023094
14.721;222.3095401509952
14.755;221.9727751086708
14.821;221.73034734917732
14.893;221.87065813528338
14.928;221.87065813528338
14.966;222.46285323609845
15.001;222.46285323609845
15.069;222.68919844713406
15.103;222.68919844713406
15.17;222.2940909090909
15.207;222.2940909090909
15.274;221.9928170594837
15.311;221.9928170594837
15.345;221.93480236256246
15.387;221.93480236256246
15.452;221.97728821258232
15.486;221.97297297297297
15.52;221.97297297297297
15.571;221.59114407732073
15.604;221.34277365700157
15.642;221.34277365700157
15.677;221.30805794477138
15.71;221.30805794477138
15.75;220.99977593546942
15.787;220.99977593546942
15.852;221.12166704010755
15.887;220.95730337078652
15.921;220.95730337078652
15.976;220.81451247165532
16.042;220.8721088435374
16.079;220.75220838052095
16.114;220.81540203850508
16.209;220.85322763306908
16.25;221.13163288544752
16.285;221.13163288544752
16.319;221.10817581416535
16.354;221.07809653916212
16.389;221.07422586520948
16.469;220.90436543654366
16.536;221.2603510351035
16.57;221.55408489274305
16.604;221.81332724783204
16.671;222.04901739326857
16.709;222.2612076852699
16.776;221.89181152790485
16.843;221.89181152790485
16.909;221.50511945392492
16.943;221.51581342434585
16.978;221.50933940774487
17.012;221.5740318906606
17.078;221.50457247370827
17.112;221.50457247370827
17.148;221.53833792470155
17.219;221.34343434343435
17.284;221.55804292637896
17.351;221.3904915762751
17.385;221.93864745526378
17.42;222.25470601905647
17.452;222.25470601905647
17.488;222.6653497559842
17.541;223.05907945958324
17.619;223.05907945958324
17.685;223.20217835262082
17.72;223.46834581347855
17.786;223.79200726612171
17.82;223.79200726612171
17.887;223.7714480254199
17.921;224.16295960054472
17.988;224.05961015412512
18.055;224.15072529465095
18.101;224.16651542649728
18.141;224.06669691470054
18.208;224.27949183303085
18.275;224.41943502824859
18.31;224.41943502824859
18.343;224.50770276393294
18.377;224.50770276393294
18.415;224.182761732852
18.449;224.182761732852
18.483;224.16087545126354
18.517;224.03845288958848
18.551;224.1535866876546
18.597;224.4418762746431
18.668;224.36347156129617
18.735;224.16373873873874
18.769;223.9132882882883
18.836;223.97578249942885
18.869;223.97578249942885
18.903;223.74379232505643
18.966;223.66185101580135
19.034;224.02362562471603
19.101;224.02362562471603
19.135;224.2014502605937
19.202;224.38749150237933
19.237;224.1404583616973
19.273;224.1404583616973
19.315;223.49625085207907
19.389;223.45307884571687
19.455;223.45307884571687
19.506;223.83231638418079
19.573;223.77197740112993
19.606;224.00696316262355
19.639;224.00696316262355
19.675;224.07382246376812
19.75;223.7128623188406
19.784;223.68645016797313
19.851;223.4976483762598
19.885;222.94452023647113
19.92;222.94452023647113
19.957;223.19
19.99;223.19
20.025;223.03431818181818
20.059;223.03431818181818
20.095;223.0632648349111
20.13;223.0632648349111
20.197;222.8166089965398
20.237;222.22191464821222
20.303;222.47490258996103
20.34;222.47490258996103
20.406;222.34517533807013
20.45;222.4980346820809
20.517;222.7350289017341
20.551;222.70197444831592
20.586;222.74099883855982
20.626;222.95738767948123
20.661;222.6113941639648
20.695;222.6113941639648
20.729;222.48772579898102
20.797;222.2427851580394
20.831;222.2427851580394
20.865;222.20453493752893
20.901;222.20453493752893
20.935;222.2080258302583
20.968;222.2080258302583
21.007;222.2430811808118
21.076;221.82782369146005
21.113;221.82782369146005
21.181;221.45488458848217
21.248;221.099976857209
21.283;221.42374450358713
21.32;221.42374450358713
21.387;221.31113662456946
21.432;221.37933409873708
21.466;221.27564838191415
21.501;221.09938030755106
21.537;221.16042533518262
21.572;220.82662968099862
21.606;220.82662968099862
21.673;220.8009708737864
21.708;220.70926517571885
21.746;220.70926517571885
21.782;220.8771850170261
21.849;221.05788876276958
21.883;221.0931137039579
21.917;221.15534202699612
21.95;221.15534202699612
22.018;220.56358645928637
22.054;220.67589204025617
22.088;221.18134124087592
22.128;221.09557481751824
22.205;221.10473359249943
22.272;221.13423279213356
22.309;221.2149446494465
22.346;221.54727859778598
22.414;221.33939945404913
22.448;221.33939945404913
22.503;221.27558513079393
22.57;221.38435061955025
22.636;221.37848422022574
22.67;221.37848422022574
22.704;221.81470453504352
22.74;221.81470453504352
22.789;221.94959723820483
22.826;222.04418872266973
22.869;221.9017261219793
22.942;221.96414526948877
22.976;221.65486930372427
23.01;221.82390804597702
23.044;222.00252873563218
23.08;222.00252873563218
23.113;222.20937142857142
23.147;222.20937142857142
23.211;222.13942857142857
23.286;222.39485277069326
23.322;222.3909111987016
23.356;222.3909111987016
23.391;222.0635288662184
23.425;222.30311355311355
23.46;222.43017399267399
23.497;222.09695163878067
23.565;221.92803117121247
23.601;221.65337001375516
23.635;221.65337001375516
23.668;221.87671232876713
23.703;221.87671232876713
23.753;221.8890660592255
23.79;221.8890660592255
23.857;221.59202733485193
23.893;221.47835990888382
23.927;221.4854790761491
23.961;221.51635033158016
23.998;221.51635033158016
24.031;221.68457142857142
24.098;221.61074285714287
24.176;221.72283713575786
24.244;221.70024847526543
24.311;221.59582281386275
24.347;221.59582281386275
24.38;221.6346109708515
24.447;222.01807501129687
24.519;222.21870763669227
24.585;222.31712909883055
24.651;222.4746617748223
24.718;221.91140390731485
24.785;221.8439345751931
24.853;221.54097238073498
24.919;221.761796216093
24.955;221.96968315477548
25.034;222.02986095281514
25.101;222.30681036459526
25.139;222.35106626920432
25.178;222.25229147571036
25.245;222.01535288725938
25.312;222.30045977011494
25.349;222.6825287356322
25.389;222.81172413793104
25.49;222.9249942303254
25.529;222.9249942303254
25.597;222.8228166438043
25.632;222.6044810242341
25.7;222.448132780083
25.736;222.448132780083
25.774;222.7438035672921
25.841;223.03937919851748
25.908;222.66860465116278
25.99;222.71279069767442
26.047;222.50314318975552
26.112;222.25029103608847
26.179;222.0793650793651
26.246;222.0441176470588
26.314;222.18556223970384
26.349;222.2010643220731
26.388;222.43383897316218
26.456;222.42753792298717
26.522;222.68768768768768
26.597;222.36936936936937
26.665;222.07706635622816
26.704;221.73690337601863
26.772;222.0685408921933
26.807;222.0685408921933
26.875;222.1731987796292
26.943;222.42525228819525
26.98;222.27204326357864
27.048;222.24359275805313
27.116;222.15377380672467
27.156;222.3369997659724
27.224;222.42803650830797
27.291;222.42429206646383
27.328;222.78724894908922
27.397;222.72092480149462
27.463;222.83298097251586
27.53;222.83298097251586
27.606;222.38366394399065
27.644;222.38366394399065
27.711;222.17176196032673
27.747;222.09195944352746
27.814;221.99269040320678
27.854;222.00166508087537
27.892;222.33230256898193
27.958;221.70004757373928
28.029;221.57266964076075
28.064;221.57266964076075
28.13;221.46722288438616
28.165;221.65053635280094
28.268;221.5127904247829
28.303;221.78150668857077
28.371;222.03613025909198
28.437;221.99001663893512
28.504;221.89414255469302
28.571;221.89414255469302
28.605;221.65679360601786
28.672;221.52703338034792
28.711;221.67931196983977
28.778;221.94769085768144
28.844;222.2142184557439
28.927;222.2142184557439
28.967;222.07012987012988
29.036;221.5504132231405
29.072;221.82425390810042
29.108;221.61061108479393
29.146;221.54429180483183
29.222;221.43036475603978
29.307;221.49013157894737
29.374;221.7234492481203
29.408;221.8931924882629
29.445;221.95586854460095
29.512;221.99717779868297
29.547;221.99717779868297
29.616;222.05746320953048
29.683;221.9925251109554
29.748;221.95555038398882
29.783;222.18012566907146
29.849;222.79929660023447
29.898;222.79929660023447
29.965;223.12473622508793
30;222.89275766016712
30.068;222.76648096564531
30.1;222.5221198156682
30.168;222.41751152073732
30.211;222.63184654495032
30.32;222.87474000462214
30.356;222.87285382830626
30.424;223.01484918793503
30.462;223.080276816609
30.528;222.70818915801615
30.594;222.4331637372803
30.66;222.4331637372803
30.701;222.0550416281221
30.902;222.68838395548343
30.97;222.60630651518665
31.051;222.50951717734446
31.124;222.27228412256267
31.162;222.8513895430994
31.263;222.60551106924163
31.329;223.07921256151863
31.366;223.07921256151863
31.433;223.45838245696768
31.501;223.6454136051197
31.576;223.41573832661769
31.644;223.64268867924528
31.746;224.09467734338202
31.786;224.09467734338202
31.853;224.02402260951484
31.887;224.1438063597532
31.955;224.11295681063123
32.045;223.35039924847345
32.112;222.89650316827036
32.179;222.61159352264727
32.252;222.74096668230877
32.318;222.82707648991084
32.357;222.82707648991084
32.424;222.7789872219593
32.491;222.5040227165168
32.559;222.48610456900613
32.627;222.14790390956193
32.662;222.52860520094563
32.729;222.19456264775414
32.796;222.5425506555423
32.835;222.5425506555423
32.902;222.5665488810365
32.94;223.12131919905772
33.007;222.7757731958763
33.096;222.27296157450797
33.163;222.03082271147161
33.229;222.39142526071842
33.267;222.8638928067701
33.339;222.71908791725434
33.41;223.00529737539128
33.447;223.00529737539128
33.512;222.73151938357813
33.547;222.9853294853295
33.614;222.5897065897066
33.653;223.32983794089608
33.744;223.2864632983794
33.787;223.22593037214887
33.855;223.49579831932772
33.889;223.49579831932772
33.957;222.75451263537906
33.996;222.51191335740072
34.063;222.25878519897603
34.131;222.2748429136607
34.2;222.67271442035815
34.267;222.5928369462771
34.301;222.30796502008982
34.368;222.6450011817537
34.402;222.25727016885554
34.469;222.15384615384616
34.539;221.68595624558927
34.607;221.79722418254528
34.64;221.79722418254528
34.707;222.06392045454547
34.743;222.06392045454547
34.787;222.1881631690639
34.853;222.68332940344257
34.92;222.61801169590643
34.958;222.61801169590643
34.991;222.06471277842908
35.059;221.86916764361078
35.126;221.72344408048667
35.194;222.14576509124942
35.228;222.05416862929818
35.264;221.98445595854923
35.302;221.98445595854923
35.369;222.2506502719319
35.404;222.08820052021755
35.475;222.04138094112082
35.51;222.10560901196902
35.581;221.7514667918329
35.616;222.05400981996726
35.65;222.05400981996726
35.684;222.21463642740238
35.75;222.14056981398633
35.783;222.14056981398633
35.817;222.44867277425416
35.855;222.44867277425416
35.891;222.20333411598966
35.924;222.20333411598966
35.994;221.8757924395398
36.032;222.26826945965246
36.066;222.26826945965246
36.133;221.60999061913697
36.168;221.68621013133207
36.235;221.85331753554502
36.272;221.85331753554502
36.306;221.98766895897558
36.342;221.98766895897558
36.408;221.7818528221005
36.441;221.47392236246725
36.479;221.47392236246725
36.513;221.2185211433971
36.548;221.2185211433971
36.583;221.13300259862982
36.649;221.07417906921805
36.684;221.09945920526687
36.718;221.09945920526687
36.785;221.0251602183717
36.819;221.27794920484214
36.853;221.72262773722628
36.888;221.72262773722628
36.931;221.48610456900613
36.969;221.00777202072538
37.035;220.703721149317
37.07;220.84905213270142
37.105;220.84905213270142
37.141;221.29962103268593
37.174;221.29962103268593
37.209;221.39365229748935
37.275;221.51049280829992
37.342;221.6889884461212
37.389;221.6687838155728
37.456;221.36697247706422
37.491;221.03577351338546
37.525;221.03577351338546
37.592;220.90500945179585
37.626;220.90500945179585
37.67;220.7648865784499
37.704;220.97295356629965
37.742;220.97295356629965
37.781;220.9516436398285
37.815;220.9516436398285
37.848;221.17484516436397
37.881;221.17484516436397
37.925;221.18695754163736
38.005;220.91977480647432
38.043;220.8883644087798
38.076;220.81283927307058
38.109;220.81283927307058
38.142;221.10170293282877
38.175;221.10170293282877
38.241;220.7181708784597
38.285;221.057761732852
38.343;221.05992779783392
38.379;221.05992779783392
38.446;220.73064866168315
38.479;220.536291294912
38.513;220.536291294912
38.579;220.7058823529412
38.63;220.77941176470588
38.697;220.6622372553757
38.732;220.6622372553757
38.766;220.52774441508527
38.801;220.52774441508527
38.835;220.81671871246698
38.872;220.82015953589558
38.944;220.31665458061397
38.986;220.27580372250424
39.019;220.14031287605295
39.053;219.9768953068592
39.089;220.0109196796894
39.122;220.04634797379276
39.156;220.04634797379276
39.194;220.37490900266926
39.248;220.46802820325797
39.315;220.46802820325797
39.349;220.30361037072933
39.416;220.22970680881997
39.45;220.6153096050707
39.485;219.99829351535837
39.523;219.86239193083574
39.556;219.86239193083574
39.589;219.86239193083574
39.623;220.16855285335902
39.659;220.16855285335902
39.726;220.1951690821256
39.76;219.99492753623187
39.795;219.99492753623187
39.828;220.30510525042342
39.895;220.5245584321316
39.932;220.73884892086332
39.987;220.2685851318945
40.021;220.20014503263235
40.088;220.14720812182742
40.126;220.09997608227695
40.163;220.26763932073666
40.229;220.81263564022186
40.264;220.81263564022186
40.301;220.7527926177756
40.335;220.7527926177756
40.404;220.96745993200582
40.443;220.96745993200582
40.483;220.53495075666586
40.524;220.3403795339899
40.591;220.4030281182408
40.627;220.4030281182408
40.662;220.5664352406033
40.705;220.5664352406033
40.739;220.3010496183206
40.779;220.3010496183206
40.853;220.70002399808016
40.921;220.70002399808016
40.962;220.19933078393882
41.028;219.90391969407267
41.061;219.90391969407267
41.095;219.99573257467995
41.155;220.02015173067804
41.222;219.65969084423307
41.256;219.65969084423307
41.323;219.41612980195657
41.358;219.80458124552612
41.392;219.71745880105087
41.427;219.71745880105087
41.5;218.75900739680267
41.567;218.64041994750656
41.601;218.98936421649728
41.635;219.09879461120303
41.704;219.083432092913
41.771;219.083432092913
41.804;219.12656434474616
41.838;219.12656434474616
41.872;219.15434007134363
41.907;219.28133174791915
41.942;219.28133174791915
41.976;219.41333333333333
42.01;218.865
42.043;218.80773823740148
42.076;218.65345115834725
42.11;218.45784571292094
42.189;218.66745899690991
42.224;218.67863085333968
42.258;218.72403137627762
42.292;218.72403137627762
42.326;218.82315188970762
42.36;218.75469455669122
42.394;219.44125264892867
42.429;219.27737226277372
42.5;219.0283620893406
42.568;218.6634365398251
42.634;219.08005684509712
42.67;219.08005684509712
42.706;218.74484906564447
42.74;218.74484906564447
42.776;219.1674652611404
42.81;219.1262831224636
42.877;218.99809023633324
42.914;218.9945094294581
42.948;219.06876653041596
43.029;218.1387339316032
43.065;218.1387339316032
43.131;218.3390444015444
43.198;218.0457375478927
43.232;218.0457375478927
43.269;218.09243295019158
43.302;218.34441747572816
43.353;218.75485436893203
43.428;218.36027824418326
43.496;218.05516910530102
43.562;217.81767688964018
43.596;217.81767688964018
43.633;218.08210577155276
43.668;217.6452686638136
43.735;217.72658107465526
43.771;217.8653616614944
43.839;218.09453330150393
43.894;218.3759219605044
43.93;218.3759219605044
43.997;218.37243191591017
44.064;217.9297658862876
44.101;218.11428571428573
44.141;218.11428571428573
44.209;218.1604761904762
44.25;218.05256841094575
44.284;218.05256841094575
44.318;218.37878060489678
44.385;218.49132530120482
44.421;218.49132530120482
44.454;218.53077844311377
44.495;218.53077844311377
44.576;218.1980906921241
44.643;218.1980906921241
44.677;218.3926085913127
44.71;218.3926085913127
44.776;218.1599224618367
44.811;218.39156772473953
44.846;218.39156772473953
44.912;218.4576764491875
44.949;218.28167641325535
44.984;218.47197855750488
45.051;218.47197855750488
45.084;217.9941348973607
45.165;218.0976732913233
45.2;218.10591371788658
45.236;218.29689807976365
45.272;218.29689807976365
45.307;218.24396848842935
45.341;217.84192689421448
45.375;217.75332849189058
45.416;217.75332849189058
45.492;218.45756097560977
45.531;218.46414634146342
45.566;217.9490243902439
45.701;217.66958211856172
45.734;217.66958211856172
45.768;217.70183598531213
45.803;217.3669522643819
45.871;217.78095003691854
45.967;217.74169921875
46.036;217.81689453125
46.074;218.07296767874632
46.178;217.46523016650343
46.245;217.63035019455253
46.278;217.590953307393
46.345;217.67984286766512
46.378;217.67984286766512
46.415;218.03368838246223
46.482;218.04111964329948
46.549;218.06020558002936
46.626;217.6064610866373
46.698;217.7647630619684
46.734;217.7647630619684
46.768;217.91476041415845
46.804;217.91476041415845
46.838;218.12424753190464
46.877;218.33251833740832
46.979;218.31907090464549
47.047;218.48254670599803
47.118;218.04564214615198
47.185;217.88880796309783
47.218;218.12454479242535
47.251;217.8065064336004
47.287;217.68739373330095
47.323;217.74253096915228
47.368;217.74253096915228
47.404;218.1352926888511
47.441;218.10063663075417
47.474;218.00808031341822
47.58;218.31880509304602
47.618;217.78747258103826
47.684;217.73409700219352
47.719;217.66281357599607
47.786;217.1463354648303
47.821;217.09859154929578
47.856;217.09859154929578
47.906;216.76586325627153
47.94;216.72626660108213
48.013;217.237753587333
48.114;217.06188605108056
48.148;217.06188605108056
48.183;217.45825147347742
48.216;217.10162802170694
48.249;217.30365071534288
48.318;217.71139115394118
48.386;217.68149246355324
48.419;217.68149246355324
48.453;218.290489063652
48.49;218.33128532809044
48.567;218.48510952498154
48.635;218.48510952498154
48.672;217.98102513553474
48.738;217.8297190734352
48.772;217.4649209486166
48.839;216.99851778656125
48.878;216.94688735177866
48.946;216.83917984189722
48.979;217.17937330372564
49.046;217.1571675302245
49.08;217.35007458975633
49.147;217.37419194430632
49.182;217.77284073889166
49.254;217.77284073889166
49.324;218.50086698043103
49.391;218.822145157295
49.459;218.16979269496545
49.493;217.68682132280355
49.528;217.6987714987715
49.561;217.74078624078624
49.595;217.74078624078624
49.63;217.46562809099902
49.667;217.64812067260138
49.703;217.67927794263105
49.738;217.42105263157896
49.805;217.45794392523365
49.885;217.3961661341853
49.951;217.46252150405505
49.985;217.2206676485027
50.023;217.45189003436425
50.058;217.0996563573883
50.092;217.5479145978153
50.125;217.5479145978153
50.165;216.72569873856048
50.232;216.6846401187237
50.306;215.87115052968713
50.379;216.10643015521063
50.481;216.7059556441565
50.515;216.7059556441565
50.549;216.44749876176326
50.62;216.327142149579
50.687;215.24926470588235
50.757;214.65441176470588
50.859;214.58199753390875
50.926;214.53760789149197
51.04;214.67375366568916
51.14;214.7355816226784
51.178;214.81133919843597
51.211;214.81133919843597
51.245;214.2121361618155
51.282;214.2121361618155
51.318;213.74543660582142
51.356;213.9344827586207
51.422;213.51453201970443
51.464;213.36457819437592
51.5;213.36457819437592
51.535;213.17982239763197
51.568;213.2796337540213
51.637;213.28606780499877
51.727;213.40663694898464
51.793;214.5568181818182
51.829;214.1270202020202
51.898;213.68232323232323
51.97;213.42282388663966
52.007;213.5559210526316
52.106;213.57850821744628
52.179;213.35347661188368
52.253;212.99222277972905
52.292;212.99222277972905
52.36;213.04791771199197
52.395;212.72261130565283
52.463;212.2121060530265
52.496;212.1388538247917
52.535;212.2264579651603
52.602;212.0568295114656
52.637;211.83325024925225
52.744;212.3283993978926
52.777;212.3283993978926
52.812;212.49265986563822
52.849;212.49265986563822
52.883;212.59318238367754
52.916;212.95956338377573
52.951;212.5596626147358
52.984;212.0950514453699
53.018;211.3373346398824
53.092;211.29314935850883
53.159;211.25853304284678
53.206;211.25853304284678
53.24;211.68169499876817
53.274;211.68169499876817
53.307;212.0731707317073
53.343;211.24077242727938
53.377;211.1366414079687
53.415;211.1366414079687
53.45;211.79916931346202
53.522;211.6293672123137
53.556;211.04688255195748
53.636;210.96
53.705;210.7960736196319
53.74;210.817801819523
53.774;210.817801819523
53.841;211.6602870813397
53.909;212.07831780407957
53.945;212.40848938826466
53.98;212.40848938826466
54.015;212.6736579275905
54.048;212.39671069025667
54.086;212.64839272364816
54.162;212.82770692673168
54.198;212.28657164291073
54.235;212.28657164291073
54.268;212.6276035131744
54.302;212.6276035131744
54.335;212.87481333997013
54.371;212.9101543056247
54.438;212.17892644135188
54.472;212.8402087475149
54.539;212.8402087475149
54.606;212.41610570929942
54.645;212.95362752430816
54.749;212.80721985460016
54.816;212.5455001253447
54.883;212.58194233687405
54.917;212.36671724835608
54.984;212.75773584905662
55.019;212.75773584905662
55.085;212.83925850685628
55.12;212.81386490604368
55.156;212.81386490604368
55.189;213.04994979919678
55.222;213.04994979919678
55.258;213.1621485943775
55.292;213.52528301886792
55.325;213.8480503144654
55.364;213.8480503144654
55.396;214.4612452350699
55.464;214.4612452350699
55.497;214.8922018348624
55.567;215.138124362895
55.606;214.67570306561944
55.673;214.66252850266025
55.706;214.6260493513101
55.741;214.322818621216
55.775;214.322818621216
55.809;214.54595819692773
55.844;214.54595819692773
55.877;214.48023167967767
55.945;214.8403851026096
56.025;215.16265518115023
56.058;214.97353016034614
56.092;215.06515652837874
56.129;215.06515652837874
56.166;215.04486215538847
56.199;215.04486215538847
56.268;215.59408941651932
56.317;215.65622631977772
56.351;215.5681531872008
56.386;215.88813303099016
56.42;215.88813303099016
56.486;215.15869456900847
56.52;215.17015445939214
56.57;214.6928251121076
56.637;214.88863636363635
56.677;215.05025252525252
56.71;214.78626332754774
56.744;214.85643441606743
56.782;214.85643441606743
56.816;215.07922045051885
56.851;215.07922045051885
56.919;215.09088639201
56.974;215.27840199750312
57.041;215.80312578774894
57.075;215.96395260902446
57.113;215.75954668637596
57.148;215.75954668637596
57.214;215.43853165804384
57.25;215.1330376940133
57.284;214.398414271556
57.319;214.398414271556
57.387;214.33902922238732
57.421;214.33902922238732
57.456;214.0324418028727
57.49;214.46850393700788
57.524;214.46850393700788
57.591;214.466781496063
57.624;214.45203777335985
57.657;214.56933399602386
57.693;214.60521091811415
57.734;214.7937965260546
57.809;215.0616455381556
57.912;215.57643549589858
57.984;214.8946060154114
58.09;214.72353830645162
58.194;214.27545362903226
58.232;214.56392694063928
58.299;214.37730603992924
58.333;214.37730603992924
58.4;214.22090381216864
58.434;214.11411259782884
58.502;214.0339366515837
58.57;213.74484665661137
58.604;214.02031602708803
58.638;213.82643591672937
58.673;213.82643591672937
58.707;213.1498508946322
58.741;213.1498508946322
58.788;212.87590151703557
58.824;213.16190002486942
58.883;213.16190002486942
58.942;213.34540389972145
58.977;213.40769815143074
59.011;213.25286783042395
59.045;213.3708229426434
59.113;213.42290530490828
59.147;213.42290530490828
59.18;213.67015185461787
59.217;213.67015185461787
59.255;213.25616131441373
59.289;213.25616131441373
59.324;212.65670898680608
59.358;212.94748520710058
59.393;212.59270216962526
59.471;212.27791501976284
59.505;212.27791501976284
59.54;212.57460317460317
59.575;212.57460317460317
59.644;212.7285992217899
59.691;212.39931906614785
59.727;212.39931906614785
59.761;212.7524319066148
59.795;213.11274871039058
59.859;213.0918693195775
59.939;212.79783836895112
60.007;212.2487922705314
60.074;212.10772946859905
60.14;212.31072210065645
60.207;212.30051057622174
60.274;212.37806953561878
60.351;212.77154111275235
60.418;212.81782373215165
60.485;212.95368782161236
60.559;212.25802499387405
60.637;212.48250369640218
60.674;212.34204041399704
60.707;212.21307446547064
60.74;212.38928483656917
60.774;212.38928483656917
60.843;212.5389384920635
60.877;213.19990079365078
60.911;213.19990079365078
60.947;213.02760507336484
60.988;213.5854265108182
61.029;213.5854265108182
61.095;213.49714569372054
61.132;213.49714569372054
61.165;212.8743842364532
61.201;212.8743842364532
61.254;213.2998511904762
61.295;213.51339285714286
61.363;212.9470312884947
61.429;213.49371766444938
61.495;213.58624078624078
61.562;213.58624078624078
61.596;213.58189340472134
61.63;213.58189340472134
61.697;213.39084935507424
61.731;213.29593575079096
61.798;213.2959232613909
61.833;213.2959232613909
61.886;213.32545676004872
61.965;213.1196102314251
62.034;214.12802685207384
62.102;214.12802685207384
62.169;214.35315272116998
62.236;213.87325972155546
62.303;213.51704272683628
62.373;213.60393662986078
62.545;213.52751515151516
62.662;214.20024242424242
62.73;214.87280701754386
62.797;214.84381091617934
62.832;215.01564756860856
62.867;214.69499277804525
62.902;214.38627546071774
62.983;214.47284190106691
63.02;214.68730197416525
63.054;214.79064099439435
63.088;214.79064099439435
63.121;214.76504996344138
63.157;214.27772443590973
63.194;214.8355736917907
63.26;214.58569371099375
63.294;214.7086746987952
63.328;214.91951807228915
63.363;214.67623833452978
63.397;214.0275185451065
63.464;214.1865671641791
63.497;214.1865671641791
63.537;213.6432510189403
63.603;213.91368976264684
63.648;213.75326560232222
63.684;213.67900338655056
63.718;213.67900338655056
63.753;214.33983152827918
63.788;214.33983152827918
63.856;214.3879372738239
63.892;214.729794933655
64.014;214.58564476885644
64.053;214.58564476885644
64.12;214.42174432497012
64.157;214.42174432497012
64.198;214.64054966248796
64.265;214.5397782063645
64.332;215.10586517400827
64.413;215.40204429301534
64.481;215.66171817960574
64.548;215.97694383124846
64.584;215.560706401766
64.627;215.79995029821075
64.697;215.65830019880715
64.731;214.9847576211894
64.805;215.51099450274862
64.96;215.38433202357564
65.134;215.67681728880157
65.214;215.08521611001964
65.315;214.7989302212497
65.42;214.76027230731825
65.499;214.9749574519815
65.566;214.9749574519815
65.602;215.75589021131893
65.673;215.90211318921544
65.741;216.14743745445713
65.774;216.3022585295531
65.807;215.95266698702548
65.849;215.8454782815096
65.916;215.8454782815096
65.951;215.5822454308094
65.985;215.88231081403677
66.019;215.88231081403677
66.085;215.76736942980355
66.122;215.76736942980355
66.156;216.06119510439166
66.189;216.06119510439166
66.225;216.07086425664352
66.259;216.51639932966245
66.328;216.51639932966245
66.392;215.96911659085467
66.436;215.62725118483414
66.501;215.69881516587677
66.534;215.64566363200765
66.569;215.59056061332055
66.604;215.2879942829919
66.638;215.30038113387326
66.705;215.59665071770334
66.738;215.59665071770334
66.774;215.94655213552852
66.807;215.94655213552852
66.874;216.20737763064554
66.907;216.11090092220383
66.941;216.11090092220383
66.975;216.0744019138756
67.008;216.0744019138756
67.074;215.58086124401913
67.142;215.5449087415946
67.176;215.41402497598463
67.211;215.45360576923076
67.247;215.45360576923076
67.281;215.6435096153846
67.315;215.95399807321772
67.354;216.21820809248555
67.392;216.28684021972774
67.426;216.24193933604013
67.494;216.37786806883366
67.527;216.18140535372848
67.595;216.18140535372848
67.629;215.81989627534182
67.664;215.81989627534182
67.698;215.53991497401984
67.764;215.41780821917808
67.831;215.5874524714829
67.866;215.5874524714829
67.932;215.73640465447636
67.966;215.94680598432677
68.034;216.25626610447412
68.102;216.45115952213632
68.17;216.72309129115106
68.251;216.81788466028485
68.328;217.29298454221166
68.397;216.80951254141033
68.431;216.80951254141033
68.466;216.31921438712732
68.501;216.31921438712732
68.534;216.32964184731387
68.568;216.32964184731387
68.606;216.13225882910643
68.687;215.93695188433279
68.726;216.37
68.793;216.50595238095238
68.828;216.64160461205861
68.863;216.64160461205861
68.929;216.80398750900792
68.967;216.6343019135365
69.006;216.6343019135365
69.074;216.55300311079205
69.12;216.55300311079205
69.187;216.11384248210024
69.298;216.03675417661097
69.364;215.95680190930787
69.434;216.3720144752714
69.505;216.41133896260556
69.572;216.49301444470754
69.609;216.89533506985555
69.644;216.8804167653327
69.68;216.8804167653327
69.715;216.6311280342694
69.747;216.6311280342694
69.781;216.1554021894336
69.819;216.1554021894336
69.851;215.95582996912847
69.885;215.95582996912847
69.923;215.77706855791962
69.993;215.75862884160756
70.062;215.72315714624318
70.13;215.97961602275421
70.198;216.40308056872038
70.241;216.60450236966824
70.28;216.68399905459702
70.346;216.44126683999053
70.382;216.18910705937353
70.449;215.49906498363723
70.489;215.49906498363723
70.582;215.548197030403
70.649;215.48244166863068
70.715;215.66406619385342
70.752;215.93002364066194
70.82;216.02313379441927
70.923;215.94780155184574
70.957;215.94780155184574
71.024;215.98155592338614
71.062;215.6876330101679
71.096;215.33475986685687
71.13;215.45197337137424
71.165;215.45458868283404
71.254;215.74292508917955
71.29;215.74292508917955
71.324;215.98186955498
71.391;215.98186955498
71.457;215.7287184284378
71.524;215.1735266604303
71.559;215.2721088435374
71.626;215.12549847525216
71.66;214.96077065923862
71.728;214.98444753946146
71.762;215.15899483325504
71.796;215.15899483325504
71.835;215.22123062470644
71.875;215.37700348432057
71.91;215.37770034843206
71.976;215.60929152148665
72.018;215.3467348361608
72.057;215.0557750406693
72.125;214.8877431450668
72.159;214.8877431450668
72.193;214.79957050823194
72.227;214.99904557384872
72.293;214.89486203615604
72.33;214.86322549952428
72.417;215.32118179652133
72.45;215.3218965928044
72.486;215.3218965928044
72.52;215.77200849657777
72.554;215.77200849657777
72.621;214.87172218284906
72.657;214.72265532719112
72.692;214.89391100702576
72.758;214.76088992974238
72.801;214.7106514503091
72.836;214.7106514503091
72.903;215.23089700996678
72.937;215.33697199810157
72.971;214.97380221855087
73.038;215.27330658484777
73.097;215.16190700967667
73.13;214.9161534817622
73.196;214.9161534817622
73.267;215.18569398389388
73.342;215.1359813084112
73.411;215.1359813084112
73.524;215.5408878504673
73.59;215.23028019778667
73.625;215.23028019778667
73.661;214.47213114754098
73.727;214.43302107728337
73.762;214.4331625523987
73.798;214.38751746623194
73.864;214.36742248958817
73.899;214.36742248958817
73.971;214.32808884775568
74.039;215.21148036253777
74.074;215.12851498954217
74.14;214.9356412639405
74.173;214.9356412639405
74.241;215.02169811320755
74.278;214.84127358490565
74.329;214.6363216266174
74.396;214.79251386321627
74.433;214.97332405474367
74.499;215.04940848990952
74.534;215.08067542213882
74.601;215.52790806754223
74.668;215.66906809202882
74.734;215.36184057634208
74.845;215.8631776578268
74.912;216.13705702886645
74.945;215.91694273544724
74.983;216.17250354945574
75.048;216.15400794578173
75.082;216.15400794578173
75.117;216.41307927546458
75.152;216.41307927546458
75.186;216.74805928016937
75.258;216.82868620037806
75.32;216.43856332703214
75.389;216.5118147448015
75.46;216.78084453880632
75.526;216.8822835574428
75.594;217.58111954459204
75.739;217.8244781783681
75.84;217.57368918280585
75.978;216.87269721303733
76.045;217.0040151157298
76.112;216.9095127610209
76.148;216.9095127610209
76.183;217.2126570497906
76.225;217.50581665891113
76.352;217.41755689735254
76.42;217.50766372503483
76.457;217.78386641580434
76.524;217.37488240827847
76.59;217.05231200373657
76.657;217.04206367650477
76.694;217.20567046246805
76.769;217.18994413407822
76.836;217.3857076350093
76.87;217.43007977475364
76.905;217.77498826841858
76.944;217.95119662130455
77.011;218.3302085774549
77.079;218.0696039371924
77.113;218.22824302134646
77.183;218.45320197044336
77.253;218.24771287825476
77.298;218.65142991092358
77.334;218.65142991092358
77.368;218.727613689639
77.4;218.72186685619522
77.435;219.02392797915186
77.468;219.02392797915186
77.502;219.20285714285714
77.57;219.20285714285714
77.604;219.5028666985189
77.639;218.87697085523172
77.679;218.87697085523172
77.749;218.44693396226415
77.817;217.94716981132075
77.854;218.0426886792453
77.888;218.1489260143198
77.92;218.1489260143198
77.954;217.88980183663605
77.991;218.15683905268244
78.057;218.62493970091654
78.095;218.62493970091654
78.139;218.9847800237812
78.209;219.08299643281808
78.246;218.85945688423058
78.281;218.4282991900905
78.313;218.4282991900905
78.348;218.3201524535493
78.381;218.357861936721
78.414;218.53667305848515
78.453;218.2521883132245
78.521;218.62810503903478
78.555;219.06598864711447
78.589;219.06598864711447
78.629;219.3852885525071
78.663;219.61041420118343
78.701;219.95289940828403
78.776;220.00779220779222
78.842;220.08555133079847
78.878;220.08555133079847
78.913;219.92989543726236
78.946;219.92989543726236
78.981;219.92137767220902
79.032;219.75296912114015
79.108;219.99385488064289
79.173;219.99385488064289
79.206;219.9798243531925
79.272;220.11013529551389
79.306;220.1030634053669
79.373;219.85300403704582
79.41;219.40721527941523
79.479;218.80240509313842
79.533;218.9717540944695
79.599;219.10633752670307
79.665;219.21030144789935
79.733;219.21030144789935
79.774;219.5562945368171
79.84;220.04299287410927
79.906;219.81358760429083
79.974;219.6641239570918
80.008;219.5456485653308
80.091;219.5064072140484
80.127;219.28239202657807
80.193;219.40933870585448
80.228;219.55084143161886
80.269;219.58171482709616
80.337;219.7060634770251
80.422;219.58171482709616
80.456;219.1763597833765
80.522;218.73133976924888
80.59;218.19295341688343
80.63;218.19295341688343
80.706;218.0624852629097
80.777;217.85970290025938
80.844;217.70287615878297
80.913;217.9315426669836
80.971;218.4343891402715
81.056;218.20403264522324
81.104;217.83797407585215
81.139;217.41070571291408
81.173;217.41070571291408
81.209;217.51821668264623
81.275;217.89621284755512
81.309;217.8627403846154
81.342;217.8627403846154
81.409;218.443530834341
81.444;218.556469165659
81.511;218.84265311062697
81.545;218.84265311062697
81.579;218.5501210653753
81.647;218.31683881816
81.682;218.31683881816
81.75;218.3961085755465
81.817;218.45952438145568
81.856;218.53831371607015
81.924;218.75494929985516
81.962;218.75494929985516
82.029;219.13259402121506
82.062;219.51133076181293
82.096;219.32013279582642
82.13;219.2271757173346
82.198;219.10204081632654
82.232;219.10204081632654
82.269;219.05847112389168
82.345;218.7402348430386
82.446;218.98250658998322
82.512;219.06338196603684
82.578;219.12987323606794
82.619;219.3021582733813
82.687;219.56498800959233
82.721;219.1230696127346
82.755;218.86410073651697
82.809;219.09537366548042
82.843;219.0711743772242
82.875;219.0711743772242
82.909;219.0757396449704
82.977;219.39027311931002
83.012;219.39027311931002
83.116;219.3869895536562
83.149;219.3869895536562
83.216;219.8504181600956
83.25;219.67885304659498
83.286;219.67885304659498
83.354;219.50877192982455
83.388;219.50877192982455
83.424;219.85328185328186
83.457;219.85328185328186
83.493;219.7878861003861
83.527;219.5587316838818
83.6;219.74825846745136
83.633;220.19323903140733
83.67;220.6298249820187
83.737;221.12323183888756
83.804;220.83804994054697
83.871;220.57098692033293
83.938;220.80713779248404
83.974;220.8884424485937
84.015;220.71131585164187
84.082;221.1252067091897
84.115;221.43562485235057
84.181;221.8407522018567
84.218;221.8407522018567
84.286;222.07684964200476
84.354;222.3054892601432
84.421;221.71241050119332
84.496;221.85568720379146
84.613;222.14597156398105
84.753;222.0357227348001
84.821;221.64253607759642
84.854;221.85367577756833
84.891;221.64443920829407
84.927;221.64443920829407
84.966;221.2353494939986
85.003;221.2353494939986
85.037;220.56530948458462
85.104;220.77864768683273
85.189;220.5508896797153
85.223;220.41446124763706
85.291;220.7469281663516
85.325;220.75978312116925
85.392;221.27557755775578
85.431;222.06694955209807
85.581;223.18625381186956
85.648;223.7332864180155
85.714;224.0009507962919
85.756;224.72545757071546
85.823;225.1136254212807
85.889;225.28358208955223
85.923;224.69335239456754
85.99;223.7326661901358
86.057;222.4779307071666
86.164;221.94093927893738
86.198;221.4233870967742
86.233;221.4233870967742
86.299;221.00493189290748
86.333;220.78957256928135
86.4;220.88859919412184
86.44;220.94524768902585
86.505;220.85341412258214
86.573;220.39967373572594
86.646;219.99099952629086
86.713;219.90052108005685
86.78;220.4734492481203
86.847;221.1323983836463
86.915;221.7820299500832
87.009;222.56811731315042
87.083;222.788789025544
87.15;222.54025423728814
87.219;222.1478342749529
87.288;222.02604783329386
87.358;221.39166469334597
87.505;220.31906889254643
87.571;219.6383729132377
87.646;219.5078767928521
87.683;219.1257456454307
87.785;218.5308995466476
87.866;218.30584354382657
87.932;218.45923656927428
88;218.79843490633152
88.038;218.9940716148921
88.105;219.52631578947367
88.173;220.01291866028708
88.24;220.0980861244019
88.282;220.0425023877746
88.317;220.12082139446036
88.383;220.0252681764005
88.416;220.0252681764005
88.452;220.26102502979737
88.488;220.26102502979737
88.549;220.32514898688916
88.626;220.64439655172413
88.692;220.73275862068965
88.726;220.1911026070318
88.76;220.1911026070318
88.827;220.14421477785697
88.876;219.4224281301972
88.913;219.4224281301972
88.948;218.70692928334125
88.983;218.70692928334125
89.016;218.4421752552838
89.083;218.3956304915697
89.122;218.20316934720907
89.189;218.20316934720907
89.255;218.3116544030382
89.289;218.39734156183243
89.357;218.42966690630243
89.391;218.65300742870835
89.46;218.42605382233864
89.505;218.60157180281018
89.572;218.61336515513128
89.606;218.7489260143198
89.673;219.17830925882075
89.708;219.17830925882075
89.744;219.55103007340753
89.811;220.43020214030915
89.846;220.7381688466112
89.879;220.7381688466112
89.918;220.856906729634
89.955;221.12349468713106
89.994;220.81275088547815
90.031;221.13402794222117
90.098;220.43784039782145
90.165;219.9433962264151
90.198;219.39742058753285
90.234;219.27259752616555
90.272;219.27259752616555
90.348;218.40801717967074
90.414;218.02338344070628
90.452;217.9113230035757
90.519;218.4357568533969
90.557;218.4238379022646
90.594;218.49772781631188
90.661;218.1045204496532
90.7;218.4123957091776
90.77;219.15470798569726
90.842;219.15905848787446
90.944;221.2225392296719
91.011;222.12410329985653
91.078;223.0047596382675
91.114;223.32508329366968
91.181;223.8503093764874
91.253;223.69141641049893
91.333;223.18018444076614
91.446;222.4890044927879
91.611;222.27948839412602
91.778;221.51207958313594
91.845;221.10783146869792
91.914;221.2361342537491
92.056;222.48251078102538
92.156;223.55294681360806
92.29;224.9689292543021
92.326;225.5939292543021
92.464;226.16525934861278
92.553;226.02026537997588
92.621;226.05138721351025
92.661;225.9232057416268
92.729;225.1578947368421
92.796;225.1578947368421
92.835;222.2331892411143
92.939;222.2331892411143
92.978;221.60076500119533
93.046;221.7597418120966
93.113;221.45283468318246
93.18;221.49094807050977
93.214;221.64028776978418
93.25;221.81774580335733
93.319;221.40559109215826
93.353;221.40559109215826
93.388;221.55592495844218
93.424;221.55592495844218
93.461;221.77986226549513
93.539;222.4186654001425
93.592;223.22256532066507
93.746;223.30807600950118
93.788;223.64359528959386
93.89;223.338380197068
93.957;222.2622444127437
93.993;221.69876367094628
94.035;221.81470869149953
94.104;221.39899713467048
94.179;220.3902380952381
94.25;220.3902380952381
94.285;220.150491253295
94.353;219.8538221902708
94.388;219.8538221902708
94.422;218.98496420047732
94.489;218.32649164677804
94.524;218.55555555555554
94.591;218.39222699093943
94.66;218.4483669548511
94.693;218.46253602305475
94.761;218.49605923095294
94.829;218.3139451728248
94.895;218.4357568533969
94.934;218.36778042959426
95;217.62291169451075
95.129;217.86396181384248
95.197;218.18862924596482
95.299;218.59648277523488
95.333;219.5081261950287
95.37;219.5081261950287
95.438;220.30587679962238
95.472;220.66839745102666
95.505;220.60800942285042
95.539;220.71613663133098
95.631;220.71646414105314
95.699;221.1984751012628
95.766;221.22737043229043
95.833;221.30714115118224
95.922;221.30714115118224
96.033;221.243398943831
96.139;221.3799807969275
96.207;221.63551847437427
96.275;222.21168057210966
96.342;221.52753277711562
96.443;221.76233611442194
96.591;221.57536852116024
96.734;221.28911079410366
96.851;222.8140595009597
97.123;223.21641074856046
97.241;227.3014444707554
97.339;228.2578735496093
97.406;228.3541567695962
97.472;228.80878859857484
97.555;229.43515439429927
97.623;229.02735490009513
97.66;226.57706945765938
97.693;226.57706945765938
97.729;224.03044719314937
97.764;224.07358894974993
97.831;222.26696832579185
97.865;221.26037195994277
97.932;221.71056371387968
97.97;221.71056371387968
98.037;221.490359438229
98.122;220.5206063477025
98.189;218.06845097110374
98.275;217.83443865466603
98.309;218.10247265810747
98.343;218.03138373751784
98.409;218.1658676893576
98.445;218.06399808245445
98.537;218.31693336517793
98.572;219.07212801528541
98.638;220.6299855838539
98.676;220.6299855838539
98.714;221.35920230658337
98.748;221.28946739909242
98.79;221.70766658705517
98.823;221.54142441860466
98.889;221.84762596899225
98.956;221.30601761252447
99.023;220.9192759295499
99.089;220.38577324593348
99.155;219.77931536780773
99.188;218.65655818540435
99.224;218.65655818540435
99.291;217.42160705536503
99.325;217.42160705536503
99.362;216.80014731156396
99.439;216.79990179229068
99.54;216.64264487369985
99.575;216.64264487369985
99.642;216.78974739970283
99.681;216.82991347342397
99.748;216.2823238566131
99.782;216.56792223572296
99.82;216.23961117861484
99.887;215.98875580542654
99.921;216.0733317037399
99.988;216.00173010380624
100.06;216.2503707365299
100.099;217.12727272727273
100.166;217.51008717310089
100.2;217.55997983870967
100.234;217.55997983870967
100.268;218.4412802419355
100.302;218.6577620967742
100.369;218.4311630218688
100.437;218.4311630218688
100.482;218.7591478696742
100.549;218.6375939849624
100.582;218.46649810366625
100.62;218.13957016434892
100.702;218.38070805541304
100.738;217.9248332478194
100.806;216.81738256719416
100.874;216.55488570710875
100.92;216.50855130784709
100.987;216.09431589537223
101.022;216.13028169014083
101.092;215.7937097573056
101.163;215.85516559565002
101.198;215.85516559565002
101.233;216.2180746561886
101.3;216.48919449901769
101.37;216.7120916626036
101.439;216.79668454412482
101.476;216.81635651322233
101.512;216.4828599412341
101.578;217.09084337349398
101.612;217.09084337349398
101.65;217.4209638554217
101.721;217.8935185185185
101.79;218.0165692007797
101.828;218.22905438510534
101.866;218.47378735913767
101.904;218.47378735913767
101.971;218.73625304136252
102.005;218.41678832116787
102.078;217.71529297349866
102.145;217.46914175506268
102.179;217.46914175506268
102.247;217.03594850619382
102.313;216.90187029390333
102.35;216.97595336410006
102.405;216.8516804676084
102.471;216.8516804676084
102.506;216.8211065074336
102.539;216.8211065074336
102.607;216.2146865089046
102.641;215.97950719687728
102.677;216.01648484848485
102.712;216.16654545454546
102.779;215.9537037037037
102.848;216.4031158714703
102.886;216.4031158714703
102.968;216.36684518013632
103.01;217.0966242661448
103.079;217.27274951076322
103.145;217.51518833535843
103.18;217.51518833535843
103.215;217.46213404306798
103.253;216.95620614565692
103.342;216.9384540828689
103.378;216.9384540828689
103.414;216.96599465630314
103.481;216.7058537770221
103.548;217.0689235265465
103.582;217.0689235265465
103.648;216.92596200681928
103.683;217.0645950574994
103.72;217.0645950574994
103.787;216.89775500244022
103.819;216.4904831625183
103.853;216.71435499515033
103.887;216.71435499515033
103.955;216.4272243713733
104.022;216.45720502901355
104.098;216.88907766990292
104.137;216.88907766990292
104.203;217.35943579766536
104.237;217.35943579766536
104.276;217.6772859922179
104.342;217.6386615310544
104.381;217.6422725084256
104.448;217.9060840173829
104.515;218.29770992366412
104.587;218.29770992366412
104.627;218.33730916030535
104.694;218.586231538828
104.761;218.89852310624107
104.795;219.34763244256916
104.834;219.67229254571026
104.902;219.85935302391
104.937;219.85513361462728
104.971;219.85513361462728
105.04;219.6295433364399
105.113;219.45492371705964
105.182;219.62968099861303
105.248;219.9974430497443
105.316;220.02092050209205
105.351;220.21275137111516
105.417;220.33683729433272
105.451;220.52818991097922
105.518;220.6971011184661
105.585;220.41568449682683
105.62;220.41568449682683
105.655;220.26427923844062
105.723;220.08218864468864
105.756;220.08218864468864
105.793;220.6073142857143
105.86;220.6073142857143
105.893;220.23640119348175
105.961;220.57608446178563
106.028;220.65625722877633
106.095;220.78880407124683
106.161;220.36338028169016
106.228;219.9974178403756
106.262;219.91199249002582
106.301;219.81389345224125
106.366;219.6979582257686
106.401;219.63177570093458
106.439;219.37593457943925
106.493;219.51640881387718
106.564;219.6275199249883
106.612;219.53701117318437
106.645;219.81121973929237
106.713;219.50183823529412
106.747;219.50183823529412
106.78;218.89253731343283
106.851;218.95912743972445
106.918;219.04548571428572
106.986;218.75931428571428
107.052;219.03268571428572
107.085;218.92803117121247
107.169;219.12239284895713
107.207;219.69756554307116
107.259;219.66338951310863
107.299;219.68906579255443
107.334;219.3003980332475
107.402;219.19636194029852
107.445;219.19636194029852
107.511;219.36806368531958
107.551;219.40084289393585
107.62;219.85331156716418
107.655;219.85331156716418
107.692;219.58138992537314
107.759;219.83056478405317
107.794;219.83056478405317
107.885;219.25701693342612
107.952;218.98636468685
107.988;218.98636468685
108.025;218.98636468685
108.059;219.10736407432898
108.095;219.10736407432898
108.161;219.2911069939787
108.195;219.2911069939787
108.231;219.2911069939787
108.265;219.56702940495484
108.299;219.56702940495484
108.333;219.70363510071775
108.401;219.12977278051065
108.445;219.13609744670882
108.527;219.09632183908045
108.595;219.09632183908045
108.63;219.62618147448015
108.697;219.63941398865785
108.731;219.59851473659782
108.798;219.77883499651892
108.834;220.04551920341393
108.907;220.14201043148412
108.95;219.48499765588375
109.087;219.58321612751993
109.126;219.5406228049637
109.194;219.57199719035356
109.231;219.69117302739406
109.265;219.65056884142095
109.3;219.83190155560715
109.367;219.95209988649262
109.401;219.95209988649262
109.469;220.19644079397673
109.535;219.78931818181817
109.612;219.65113636363637
109.646;219.77727272727273
109.713;219.86083772030213
109.751;219.78004119935912
109.786;219.87800411993592
109.854;220.0807891028652
109.888;220.5277125410991
109.929;220.32534085566525
110.017;220.04748472026327
110.053;220.00558529206424
110.121;219.8568768908541
110.157;219.9519906323185
110.223;220.18056206088994
110.289;219.8055364905056
110.323;219.8055364905056
110.358;220.13608104996547
110.427;220.50794381763757
110.462;220.50794381763757
110.497;220.54110062169008
110.53;220.26103603603605
110.597;219.7024774774775
110.636;219.86788206167003
110.703;219.8978167904569
110.738;219.76265466816648
110.808;219.74128233970754
110.882;219.64994375703037
110.915;219.78508274767626
110.983;219.75561097256858
111.05;219.46989320608952
111.091;219.21608725289707
111.157;218.80565048986102
111.224;218.58373205741626
111.261;218.4445203918888
111.296;218.3989483310471
111.33;218.34156378600824
111.399;218.6530187369882
111.466;218.92042563034929
111.533;218.7443800695249
111.566;218.83383545770567
111.599;218.7169459962756
111.636;218.51536312849163
111.71;218.1142923649907
111.779;218.1091927204853
111.82;218.1567895473635
111.891;218.16175783076204
111.959;218.36138382421692
111.995;218.80972417017298
112.061;219.1904315196998
112.096;219.48710131332084
112.163;219.06229584694353
112.197;219.06229584694353
112.265;218.78704566635602
112.299;218.78704566635602
112.333;218.6444805194805
112.372;218.65561224489795
112.443;218.77662826240302
112.508;218.50693628027275
112.542;218.02900552486187
112.576;218.02900552486187
112.642;218.04258747697975
112.709;218.01686691312383
112.777;218.01686691312383
112.885;217.48165243480267
112.948;217.43411031617816
113.002;217.5206400742115
113.068;217.60667903525047
113.104;217.84972170686456
113.138;217.83317778814745
113.178;218.23658422771814
113.247;218.16146916146917
113.314;217.96350196350195
113.349;217.96350196350195
113.382;218.05503947979562
113.416;218.05503947979562
113.451;217.96725499303298
113.519;218.14060690294187
113.554;218.14060690294187
113.588;218.29724041159963
113.653;218.5042095416277
113.721;218.76346604215456
113.796;219.05995316159252
113.831;218.76585820895522
113.898;218.21688432835822
113.936;218.18156489435802
114.004;218.1028558161133
114.07;217.93172413793104
114.109;217.93172413793104
114.177;218.03195402298851
114.245;218.31976744186048
114.312;218.55162790697673
114.347;218.6600882284653
114.382;218.6600882284653
114.417;218.89953596287702
114.451;218.25429234338748
114.519;218.36589327146172
114.59;218.29174354243543
114.659;218.33579335793357
114.726;218.95865633074936
114.794;218.9734554850834
114.832;218.9734554850834
114.866;219.3406286379511
114.946;219.51664726426077
115.034;219.18271488961955
115.102;218.7514450867052
115.167;218.43884393063584
115.202;219.2822808671065
115.239;219.2822808671065
115.279;218.71560693641618
115.344;219.08947976878613
115.381;219.08947976878613
115.415;219.50473484848484
115.449;219.50473484848484
115.483;219.49289772727272
115.55;219.0016381933068
115.585;219.0016381933068
115.672;218.92206880411888
115.706;218.9643605870021
115.774;218.97134870719776
115.808;219.18942626837364
115.91;219.21503082029398
115.944;219.05793688177107
116.011;219.3330193122939
116.044;219.30485483103286
116.112;219.22108519752499
116.151;219.12768976117286
116.218;218.91227240482382
116.252;218.87136438874438
116.286;218.92657752756276
116.353;218.80229561958305
116.386;218.9320684000937
116.452;219.16173013634227
116.517;219.42501175364362
116.584;219.35572197519306
116.619;219.80599110695061
116.654;220.165227537923
116.689;219.70128354725787
116.761;219.36178194607268
116.851;219.6168815943728
116.917;219.51311817970745
116.954;219.59136289760855
117.025;219.7264217177627
117.092;220.1797332085186
117.13;220.45613625758284
117.196;220.43607092860475
117.232;219.8040130657956
117.267;219.8526340218148
117.302;219.9519610118357
117.338;219.8325237103863
117.371;219.92111959287533
117.409;219.92111959287533
117.445;219.999768679158
117.483;220.3443352059925
117.551;220.0859082397004
117.618;220.20619757688723
117.652;220.4415191053122
117.688;220.4415191053122
117.721;220.64532710280375
117.755;220.64532710280375
117.793;220.6035046728972
117.828;220.77412635963898
117.913;220.56057398259233
117.979;220.49800047047754
118.017;220.74760009365488
118.085;220.6190587684383
118.118;220.4557199906037
118.185;220.77660324171953
118.22;221.0004698144233
118.256;221.0004698144233
118.346;220.5507144530335
118.413;220.25699506230896
118.481;220.25699506230896
118.515;220.38133777671982
118.549;220.38133777671982
118.586;220.44917087238645
118.62;220.44917087238645
118.656;220.7180966113915
118.689;220.9771319676036
118.729;220.9771319676036
118.782;221.12188697318007
118.849;220.81417624521072
118.917;220.25191570881225
118.986;220.01914333572626
119.053;220.01914333572626
119.096;219.9303872653837
119.131;220.1192682347351
119.198;220.58481073310972
119.236;220.58481073310972
119.273;220.3912314326785
119.307;220.36858291932813
119.384;220.58079015850484
119.421;220.4223117006158
119.455;220.4223117006158
119.49;219.76788252013264
119.524;219.76790419161676
119.558;219.5897005988024
119.594;219.5897005988024
119.666;220.22355769230768
119.704;219.99951923076924
119.753;219.53399668325042
119.788;219.53399668325042
119.855;219.47977288857345
119.923;219.64662721893492
119.995;219.53988165680474
120.062;218.79005917159762
120.099;218.79005917159762
120.166;218.92858820765798
120.202;218.92858820765798
120.268;218.91613812544045
120.302;218.71875741048137
120.335;218.70500355703106
120.372;218.7614700374532
120.408;219.03558052434457
120.476;219.03468757424565
120.546;218.94416726063199
120.592;218.5700779957457
120.659;218.85818955329708
120.696;219.09305621162022
120.73;218.85025980160606
120.797;218.4394406257407
120.833;218.6565536857075
120.9;218.41982575935955
120.974;218.73181068989877
121.1;218.62871747211895
121.166;218.49976776590805
121.203;218.49976776590805
121.27;218.23139158576052
121.337;217.70966281964246
121.377;217.71396243494004
121.468;218.10502386906114
121.541;218.43805410320527
121.608;218.85110252330074
121.644;218.85110252330074
121.679;218.44368910038523
121.716;218.13528212100613
121.795;218.70165616981572
121.894;218.89223345588235
121.962;219.156121045392
122.029;219.4190738193489
122.065;219.2238425925926
122.133;219.19143518518518
122.167;219.6962574167047
122.203;219.6962574167047
122.292;219.28639890460977
122.325;219.60621998627946
122.359;219.49691287445688
122.395;219.72741751990898
122.429;220.2179749715586
122.495;220.63384754990926
122.572;220.52427404718694
122.619;220.54508474576272
122.655;220.78350282485874
122.689;221.10538218000906
122.725;221.38082315694257
122.791;221.15806017063315
122.827;221.15806017063315
122.894;221.34171531207903
122.928;221.7677607913669
123.017;221.88157019294744
123.053;222.05721889554223
123.087;222.05721889554223
123.121;222.04722343681678
123.159;222.20026235242676
123.194;222.33865325754263
123.228;222.51842696629214
123.261;222.19752808988764
123.306;222.4787305874409
123.385;222.4787305874409
123.418;222.42376327083804
123.454;222.42376327083804
123.521;222.44635193133047
123.588;222.5296772737531
123.621;222.44910855337395
123.655;222.28136967785537
123.689;222.5654426672674
123.776;222.47571718997062
123.809;222.47571718997062
123.843;222.1122060470325
123.91;222.0073908174692
123.944;221.77298019140886
123.979;221.6677053193857
124.022;221.87602937903407
124.101;221.98325892857142
124.136;221.90558035714287
124.175;222.30290178571428
124.212;222.22143174744332
124.247;222.24366385060026
124.283;222.24366385060026
124.32;221.89415165666
124.392;221.65532577273737
124.457;221.9047301798801
124.524;221.81234732400623
124.557;221.78197997775305
124.592;221.78197997775305
124.628;220.96288257000217
124.662;221.1478185370089
124.728;220.90316374519026
124.762;221.05109020949124
124.83;220.9617357845233
124.9;220.89026209247817
124.967;220.39420413381632
125;221.83007683863886
125.034;221.83863885839736
125.07;221.9964229823385
125.107;221.88397048960428
125.174;221.40666666666667
125.208;221.40666666666667
125.275;221.70901001112347
125.345;221.8384872080089
125.381;221.68600223964165
125.414;221.68600223964165
125.447;221.3753639417693
125.515;221.40505479758443
125.553;221.39342428986805
125.62;221.41724524076147
125.687;221.31623740201567
125.753;221.34961900493053
125.79;221.09211116091438
125.856;221.09211116091438
125.891;221.37129273262394
125.959;221.1738736699117
125.998;220.82650548466532
126.048;220.82650548466532
126.115;220.90013464991023
126.149;220.96566427289048
126.187;220.96566427289048
126.255;220.82296329453894
126.288;220.91763652641004
126.325;220.91763652641004
126.358;220.86774265859674
126.415;220.86774265859674
126.45;221.21865823356674
126.484;221.23740682177547
126.522;221.23740682177547
126.557;221.33940211283434
126.596;220.89480782198245
126.636;220.63385030343898
126.73;220.47978557069467
126.797;221.0647709320695
126.83;221.0647709320695
126.865;221.0677048070413
126.902;220.9609375
126.969;221.29642857142858
127.003;221.48740440845705
127.073;221.55600539811067
127.14;221.26563202878992
127.238;221.38666363222578
127.328;221.6153846153846
127.366;221.54164770141102
127.403;221.57828857533
127.437;221.57828857533
127.471;221.74592760180997
127.505;221.74592760180997
127.539;221.71642468239565
127.575;221.71642468239565
127.61;221.7171052631579
127.678;221.67071494042162
127.744;221.3705316223648
127.784;221.25922551252847
127.819;221.25922551252847
127.855;221.2239179954442
127.89;221.03173883473136
127.925;221.03173883473136
127.958;221.0787562414889
127.993;221.0787562414889
128.061;221.22464261402314
128.098;221.58883594281824
128.166;221.4971636033583
128.248;221.28885863399137
128.285;221.28885863399137
128.352;221.11951656222024
128.386;221.10205908683974
128.453;221.20511669658887
128.488;221.20511669658887
128.524;221.29817127564675
128.563;221.29817127564675
128.601;221.61462979482604
128.668;222.03495406677123
128.706;222.03495406677123
128.765;221.91059825229667
128.8;221.85653631284916
128.838;221.85653631284916
128.873;221.48909377108163
128.908;221.48909377108163
128.941;221.48909377108163
128.975;221.67618619293907
129.009;221.7888888888889
129.043;221.58798185941043
129.116;221.77905374368396
129.198;222.05513784461152
129.233;222.11483253588517
129.269;222.11483253588517
129.303;221.83035304906005
129.336;221.83035304906005
129.372;221.52842732691425
129.407;221.31155085135757
129.483;221.31155085135757
129.519;221.65670269027362
129.553;221.65670269027362
129.596;221.93423775580592
129.662;222.0278673422386
129.698;222.0278673422386
129.766;222.12088167053363
129.799;222.30556844547564
129.833;222.0916515426497
129.898;222.16243194192378
129.933;222.02211582307342
130;221.77450980392157
130.048;221.8597180494569
130.115;221.76265310838917
130.154;221.86845115534203
130.188;221.86845115534203
130.223;222.07847174559598
130.262;222.20146856356126
130.296;222.28040385497934
130.364;222.30697356426617
130.44;222.57342497136312
130.476;222.57342497136312
130.544;222.1754266211604
130.603;221.91477400494716
130.676;221.80841016415562
130.71;221.70875763747455
130.745;221.70875763747455
130.779;221.69857433808554
130.847;221.82039055404178
130.913;221.2876743139901
130.947;221.41273054430948
131.014;221.69811320754718
131.123;221.33507615367128
131.191;221.12412547957572
131.257;221.50440081245767
131.324;221.55902306648576
131.357;221.75056535504297
131.423;221.6135904911415
131.458;221.6135904911415
131.493;221.71630410405922
131.527;221.93871113114017
131.565;222.02027940513744
131.633;221.70521642619312
131.687;221.59892449025318
131.721;221.59892449025318
131.789;221.33953488372094
131.824;221.33953488372094
131.858;221.37215469613258
131.891;221.4811049723757
131.957;221.5367144432194
132.014;221.5367144432194
132.088;222.33653631284915
132.122;222.74212290502794
132.156;222.74212290502794
132.191;222.77291196388262
132.225;222.77291196388262
132.26;222.26320541760722
132.294;222.25271558412769
132.329;222.1618266459765
132.365;222.2678932017052
132.432;222.06013013237603
132.468;222.43304970891177
132.537;222.50313479623824
132.57;222.4477777777778
132.603;222.60466666666667
132.669;223.05006735518634
132.704;223.05006735518634
132.743;223.23753929052538
132.784;223.12975039352372
132.854;223.0676860805037
132.902;222.92794808682032
132.937;222.92794808682032
133.004;222.39661016949154
133.038;222.29220338983052
133.105;222.46519410977243
133.14;222.46519410977243
133.174;222.49706943192064
133.209;222.49706943192064
133.242;222.33092876465284
133.276;222.33092876465284
133.311;222.95495293590318
133.346;222.95495293590318
133.383;222.99350067234425
133.416;223.11942316358721
133.456;223.43510590356016
133.489;223.36641740312712
133.524;222.90074779061862
133.591;223.02802259887005
133.629;223.02802259887005
133.696;223.12006319115324
133.734;223.3067027758971
133.767;223.28976377952756
133.802;223.318335208099
133.836;223.318335208099
133.871;223.34884771802982
133.939;223.36172616357885
134.006;223.6668934240363
134.04;223.6668934240363
134.107;223.43510758776898
134.175;223.09280689811663
134.242;223.2001361470388
134.31;223.30741246020918
134.345;223.30741246020918
134.411;223.3570784490532
134.502;223.52141568981065
134.536;223.52141568981065
134.574;223.92942234209934
134.64;224.016632951225
134.674;224.12817604355718
134.708;223.98752268602541
134.742;223.93210431654677
134.775;223.43120503597123
134.841;223.93401360544217
134.88;223.93401360544217
134.92;223.79781917310314
134.955;223.79781917310314
134.994;223.99364502950522
135.029;223.99364502950522
135.064;223.99886518384022
135.144;224.46522727272728
135.18;224.46522727272728
135.25;224.59069239500568
135.284;224.38751418842224
135.351;224.17146067415732
135.385;224.17146067415732
135.419;224.281349749202
135.453;224.281349749202
135.492;223.90495495495495
135.525;223.90495495495495
135.561;224.1279279279279
135.594;224.26124488868697
135.628;224.33848250795094
135.666;224.33848250795094
135.732;224.33303002729755
135.785;224.90900818926298
135.855;224.25423351158645
135.922;224.02925413130862
135.957;223.93166592228673
135.99;223.92857142857142
136.024;223.92857142857142
136.064;223.90898976412996
136.104;223.73665320771647
136.138;223.73665320771647
136.175;223.73665320771647
136.21;223.9498320268757
136.245;224.1979843225084
136.279;224.1979843225084
136.326;223.97691453940067
136.4;224.26703662597114
136.438;224.4344827586207
136.474;223.7979977753059
136.509;223.7979977753059
136.576;223.56880733944953
136.609;223.44260460953234
136.644;223.31738259514802
136.679;223.22256843979523
136.712;223.22256843979523
136.745;223.271875
136.812;223.54470640569394
136.849;223.54470640569394
136.918;223.6832740213523
136.995;223.55159349231113
137.062;223.14218854468464
137.129;223.1393643031785
137.164;223.00555679039786
137.23;223.03154153709463
137.267;223.03154153709463
137.301;223.0790810691407
137.368;222.92070874861574
137.424;223.04473975636768
137.502;223.2368715083799
137.569;223.6145251396648
137.602;223.45072625698324
137.636;223.30090647800134
137.67;222.9091311076719
137.706;222.90683229813664
137.741;222.5756433007986
137.808;222.6526455612132
137.877;222.46092539295992
137.945;222.90675886683024
137.979;222.90675886683024
138.014;222.76395995550612
138.051;222.76395995550612
138.117;223.11355555555556
138.151;223.23155555555556
138.187;223.23155555555556
138.221;222.90622222222223
138.292;222.7348888888889
138.383;222.72069271758437
138.417;222.85945825932504
138.452;222.85280321643958
138.487;222.9740897922716
138.522;222.9740897922716
138.556;223.06385839121668
138.589;222.94241541563972
138.632;222.93891250839113
138.7;223.30678004027746
138.772;222.75212909009412
138.839;222.65463917525773
138.876;222.65463917525773
138.91;222.4578713968958
138.945;222.13835920177382
138.983;222.61456245824982
139.017;222.61456245824982
139.084;222.37650200267024
139.14;222.37650200267024
139.208;222.7054211469534
139.274;222.95474910394265
139.342;222.78718687652406
139.409;222.48969186433163
139.476;222.49713150926743
139.542;222.51588702559576
139.609;222.52736098852603
139.674;222.52736098852603
139.712;222.88181411974978
139.78;223.01608579088472
139.813;222.86693458361242
139.847;223.1183299843715
139.913;223.01840894148586
139.948;223.01840894148586
140.015;222.42112240388863
140.05;222.5309323906319
140.084;222.3183817062445
140.17;222.3183817062445
140.21;222.31244503078275
140.245;222.64007910349375
140.312;222.68314656119534
140.351;222.79227373068431
140.418;223.01832229580575
140.452;222.8619037246787
140.486;222.8619037246787
140.52;222.9648737650933
140.554;222.619758507135
140.592;222.619758507135
140.647;222.4493517908152
140.732;222.53109206767743
140.799;222.38826135105205
140.833;222.3548172757475
140.901;222.51627906976745
140.935;222.5980349344978
140.97;222.9089519650655
141.005;223.06875834445927
141.038;223.1388518024032
141.106;222.52870760363555
141.141;222.52870760363555
141.19;222.38859533245267
141.231;222.48745046235138
141.3;222.45640686922061
141.382;222.4040870138431
141.452;222.33684904416612
141.487;222.75616803734164
141.522;223.13069571015782
141.559;223.13069571015782
141.596;223.2239365219308
141.636;222.66629931672912
141.737;222.82591449977963
141.783;222.84530630233584
141.85;222.70878274268105
141.885;222.74290116663
141.921;222.82046160674656
141.956;222.71748779405237
141.993;222.57501099868017
142.06;222.7017157941047
142.094;222.9671985815603
142.127;222.9671985815603
142.189;222.98027482269504
142.244;222.62292174684106
142.295;222.54622035025494
142.361;222.48286467486818
142.396;222.48286467486818
142.43;222.28378677283786
142.465;222.28378677283786
142.502;222.35768206039077
142.536;222.35768206039077
142.603;222.40579389650597
142.64;222.7950022114109
142.727;222.8284063125139
142.762;222.8284063125139
142.795;222.40164480995776
142.829;222.40164480995776
142.866;222.27142542410223
142.903;222.27142542410223
142.937;222.21414408460012
142.971;222.44466446644665
143.005;222.65786578657867
143.072;222.57853057633085
143.114;222.57853057633085
143.18;223.01694169416942
143.215;223.25742574257427
143.248;222.97426874862546
143.284;223.31933142731472
143.352;222.82164064218165
143.421;223.1252204585538
143.522;223.0489417989418
143.59;223.21281714785653
143.624;222.9582239720035
143.658;223.07981428255582
143.728;223.69931461419412
143.809;223.2023757149142
143.877;223.65310162780466
143.912;223.6825639903741
143.978;223.20105009844673
144.045;223.11238179019134
144.081;223.11238179019134
144.117;223.17967533911497
144.152;223.17967533911497
144.187;223.38937069157217
144.225;223.38937069157217
144.258;223.78787210584343
144.293;223.78787210584343
144.328;223.9629057187017
144.365;223.9629057187017
144.43;223.89574608772315
144.468;224.13290720740576
144.577;224.2573268206039
144.643;224.03663410301954
144.676;223.87979708866342
144.71;223.87979708866342
144.745;223.8956771063079
144.779;223.67599378192315
144.813;223.79857872529425
144.848;223.79857872529425
144.9;224.12075804319085
144.936;224.12075804319085
144.975;224.1416923754958
145.042;224.4316048278945
145.079;224.4316048278945
145.117;224.34939493949395
145.152;224.34939493949395
145.189;224.04796479647965
145.223;223.989140070922
145.257;223.989140070922
145.325;223.98294951284322
145.358;223.98294951284322
145.425;224.31710028908162
145.477;224.28174338447855
145.514;224.53346675561485
145.548;224.35326935951795
145.582;224.47801829948673
145.62;224.50965424337673
145.654;225.00987876066458
145.72;225.11731843575419
145.759;224.7631284916201
145.825;224.7622346368715
145.86;224.8834410519278
145.927;224.89636728326275
145.962;224.6467961598571
145.997;224.6467961598571
146.031;224.8006734006734
146.066;224.8006734006734
146.101;224.9490460157127
146.168;224.93722172751558
146.236;225.09839715048975
146.276;225.25397892849136
146.31;225.25397892849136
146.348;225.05021106420796
146.383;224.5385469895579
146.419;224.26283048211508
146.453;224.32394678492238
146.491;224.26873614190688
146.525;224.26873614190688
146.611;224.2430790006752
146.647;224.36146747693
146.685;224.36146747693
146.719;224.19241853247618
146.752;224.19241853247618
146.788;224.42230104189758
146.822;224.42230104189758
146.856;224.06147722246794
146.919;223.90579389650597
146.956;224.09185022026432
146.993;224.22092511013216
147.061;224.43405749396533
147.096;224.43405749396533
147.163;224.51143541712045
147.196;224.73709431496405
147.233;224.73709431496405
147.266;225.021630975557
147.334;225.21522820679212
147.369;225.34737524303304
147.404;225.050118816159
147.438;225.050118816159
147.472;224.7405487146252
147.506;224.7405487146252
147.575;224.51899007337073
147.61;224.51899007337073
147.645;224.61074847693646
147.711;224.58420365535247
147.745;224.475
147.781;224.49073275862068
147.817;224.70727432077126
147.857;224.47502191060474
147.931;224.30127512427057
147.971;224.3587637778258
148.019;224.53229974160206
148.054;223.90783807062877
148.088;223.90783807062877
148.121;223.55103359173125
148.155;223.55103359173125
148.189;223.48892711244895
148.223;223.48892711244895
148.257;223.64803268114383
148.298;223.64803268114383
148.364;223.48935712749946
148.429;223.75849383250377
148.463;224.0238043713482
148.53;224.08703145196037
148.598;223.85113268608416
148.664;223.75404530744336
148.699;223.75404530744336
148.733;223.73737591713422
148.768;223.58912386706947
148.806;223.72011221406993
148.841;223.608658008658
148.875;223.608658008658
148.942;223.9883670831538
149.025;224.25032313657906
149.059;224.0430829183806
149.098;224.36046763368694
149.165;224.26373864128084
149.198;224.26373864128084
149.231;223.73476856835308
149.298;223.73476856835308
149.347;223.9682401566239
149.382;223.93887317815967
149.416;223.93887317815967
149.453;223.77572329780293
149.52;223.7342206955775
149.589;223.83769858308287
149.623;223.83769858308287
149.657;223.86258710801394
149.692;223.86258710801394
149.758;224.02611940298507
149.824;223.6444929116685
149.861;223.40043620501635
149.945;223.58106044075933
150.018;223.5502945668776
150.085;223.38602220770738
150.119;223.38602220770738
150.187;223.766139657444
150.221;223.9901185770751
150.288;224.34792122538292
150.358;224.1821358375191
150.396;224.1821358375191
150.463;224.01488942412962
150.499;224.04795270418217
150.535;224.04795270418217
150.571;223.8188976377953
150.638;224.03778117492902
150.673;224.03778117492902
150.707;224.12055033850186
150.746;223.9872471416007
150.78;224.0338610378188
150.825;224.1712840809147
150.892;224.37884784520668
150.926;224.07915567282322
151.009;223.74098504837292
151.043;223.58588286713288
151.08;223.57757867132867
151.146;223.60292193632796
151.18;223.60292193632796
151.252;223.75774095071958
151.354;223.88487634055593
151.421;224.18231560516526
151.458;224.18231560516526
151.492;224.00765027322404
151.541;223.6424043715847
151.608;223.94439541041484
151.676;223.8832744924978
151.744;223.9847311352069
151.815;223.9847311352069
151.854;223.8821075740944
151.921;224.09440175631175
151.955;224.45044052863437
152.022;224.45044052863437
152.056;224.36125654450262
152.121;224.00676265270505
152.157;224.00676265270505
152.192;223.92071835304424
152.264;224.07621550591327
152.342;224.08238636363637
152.408;224.04567307692307
152.483;224.1574906777802
152.554;224.40973897784602
152.589;224.526977248104
152.655;224.68559046587217
152.688;224.49017467248908
152.724;224.49017467248908
152.79;224.15701017249006
152.825;224.19482529854048
152.863;224.19482529854048
152.931;224.00662690523527
153.001;223.89156893117948
153.057;224.30183668953308
153.09;224.2632855567806
153.158;224.31444321940464
153.193;224.3661408575872
153.229;224.3661408575872
153.296;224.36403799425668
153.357;223.96029281277728
153.447;223.7684117125111
153.513;223.85283687943263
153.546;223.85283687943263
153.58;223.67313202556755
153.617;223.67313202556755
153.654;223.73783843275368
153.72;223.9735857362976
153.756;223.95149253731344
153.791;224.0704565408253
153.829;224.02362721505142
153.863;224.2275213301247
153.9;224.2275213301247
153.94;223.91949989032682
153.978;223.91949989032682
154.043;223.5332309717043
154.077;223.56685540069685
154.143;223.37739547038328
154.177;223.54329147389294
154.245;223.67415730337078
154.279;223.45134302069573
154.316;223.45134302069573
154.37;223.72022767075308
154.404;223.72022767075308
154.456;223.51183691363437
154.534;223.94476106970626
154.568;223.8395792241946
154.601;223.8395792241946
154.668;223.47994740302434
154.712;223.22693484914734
154.778;223.28880629645823
154.824;223.51142355008787
154.858;223.42091388400704
154.893;223.42091388400704
154.93;223.49493615147512
154.964;223.49493615147512
155.03;223.5899581589958
155.115;224.30105866784297
155.15;224.1760035288928
155.184;224.65408805031447
155.221;224.43351302785265
155.288;224.18823000898473
155.321;224.19335003416077
155.354;224.42792074698247
155.39;224.45133348529748
155.424;224.38500113973103
155.493;224.44677456120357
155.526;224.2665142857143
155.562;224.21462857142856
155.629;224.08301289301062
155.696;224.41687401040488
155.732;224.60610200364297
155.819;224.25523679417122
155.858;223.98046260947675
155.927;224.06759487985627
155.964;224.06759487985627
156.029;224.19765871229177
156.101;224.39396668167493
156.175;224.51578469225527
156.243;224.57983193277312
156.309;224.64118457300276
156.348;224.70592286501378
156.468;224.52144987382428
156.504;224.52144987382428
156.538;224.48464007336085
156.572;224.48464007336085
156.607;224.41290029525322
156.641;224.41290029525322
156.707;224.43311378605497
156.766;224.86923950056755
156.834;224.7811577752554
156.906;224.96022727272728
156.94;224.96022727272728
156.972;224.68508037129274
157.04;224.42743943853293
157.075;224.4241324563393
157.111;224.45679292356544
157.185;224.58062299587723
157.236;224.60192395785617
157.274;224.60192395785617
157.315;224.80535224153707
157.378;224.79048490393413
157.417;224.781677301732
157.484;224.8785323609845
157.519;224.72275421796627
157.557;224.72275421796627
157.624;224.59166100158623
157.668;224.6823022886925
157.708;224.6823022886925
157.794;224.48463624039766
157.864;224.69611387257117
157.901;224.60136363636363
157.937;224.7615909090909
157.974;224.7615909090909
158.008;225.18587276431967
158.041;225.18587276431967
158.081;225.05116594973964
158.159;224.5752957233849
158.196;224.5752957233849
158.235;224.6105550500455
158.302;224.42565139263252
158.336;224.42565139263252
158.369;224.18224092116918
158.436;224.42471213463241
158.471;224.40973139586086
158.506;224.3405988551299
158.542;224.3192850838482
158.576;224.8495145631068
158.643;224.74833997343958
158.676;224.74833997343958
158.71;224.57813191677732
158.75;224.73178363880197
158.85;224.59275815824765
158.918;224.72406914893617
158.985;224.67420212765958
159.02;224.71783496007097
159.088;224.90150842945874
159.151;225.20441988950276
159.218;225.45281767955802
159.252;225.56732257351317
159.319;225.3104134424055
159.392;225.0622094310383
159.463;225.04737657737437
159.5;225.00066415762674
159.566;225.31151241534988
159.632;225.7461328480437
159.699;225.90400363967242
159.734;225.78770823953175
159.801;225.82733003151733
159.876;226.05066726984845
159.963;225.6328884867677
159.997;225.8799454297408
160.064;225.91928149158707
160.098;225.71019108280254
160.166;225.67925386715194
160.233;225.73060393576114
160.3;225.91562994797556
160.34;225.8233175782129
160.412;225.91537249606122
160.483;225.5113890129522
160.519;225.5113890129522
160.556;225.34825425246194
160.592;225.34825425246194
160.632;225.22918531781556
160.699;225.2127851818387
160.735;225.2127851818387
160.779;225.03065562765718
160.885;225.48735735063772
160.963;225.6464533452674
160.997;225.7409652076319
161.035;225.21907968574635
161.073;225.21907968574635
161.108;224.92982846959234
161.144;224.92982846959234
161.197;224.70710648660616
161.231;224.70710648660616
161.266;224.72149656851892
161.305;224.56577777777778
161.373;225.0148888888889
161.408;225.05274872023148
161.443;225.05274872023148
161.519;225.24224290780143
161.552;225.40669326241135
161.586;225.44703014184398
161.661;225.04672057502245
161.695;225.04672057502245
161.734;225.21248876909254
161.813;225.3402039007092
161.88;225.3597074468085
161.917;225.4007498897221
161.984;225.81583590648435
162.022;225.880168963984
162.088;226.17429968875055
162.155;226.15101410934744
162.223;225.66247795414463
162.258;225.94099378881987
162.324;225.62333629103816
162.367;225.8181005586592
162.459;225.52156424581005
162.527;225.8782296113233
162.595;226.13749719164232
162.635;226.40877232647523
162.671;226.40877232647523
162.738;226.38708951866846
162.777;226.37426900584796
162.844;226.73678239164965
162.911;226.73678239164965
162.981;226.63304817649708
163.08;227.0146330481765
163.148;227.15375956776228
163.181;227.23926380368098
163.248;227.4978413996819
163.287;227.67794285714285
163.353;227.93897142857142
163.388;227.85912608101958
163.455;227.5207100591716
163.521;227.67967145790556
163.558;227.53274013232945
163.594;227.53274013232945
163.665;227.3431885376393
163.741;227.3097566522629
163.777;227.1692518248175
163.845;227.35812043795622
163.881;227.35812043795622
163.915;227.19296254256525
163.95;227.19296254256525
164.018;226.89776574136764
164.083;226.6973595125254
164.153;226.54617117117118
164.225;226.57657657657657
164.292;226.67567567567568
164.346;227.31480225988702
164.412;227.32090395480225
164.479;227.81239917031573
164.516;227.81239917031573
164.582;227.3184
164.616;227.27588571428572
164.683;226.93142857142857
164.768;227.23671607753707
164.802;227.1550741163056
164.872;227.13337908945323
164.94;227.13337908945323
165.006;227.33363781685316
165.044;227.58163964375427
165.082;227.3305561810403
165.149;227.10740824138708
165.185;226.6539315859618
165.252;226.56441581519326
165.291;226.5768284500112
165.323;226.76627152762245
165.358;226.76627152762245
165.426;226.6485280999108
165.493;226.84545049063337
165.535;226.97109567555455
165.602;227.14721039659423
165.636;227.16779127305443
165.701;226.9098065677013
165.768;226.30232558139534
165.802;225.83698781838316
165.844;225.8063648588077
165.912;225.95248767368892
165.982;226.0784401613626
166.016;226.1958417169685
166.054;226.1958417169685
166.12;226.38385870780237
166.153;226.7027932960894
166.22;226.76335195530726
166.289;226.38823002908927
166.356;226.2315954352204
166.423;226.37194308581593
166.494;226.33615882221727
166.56;226.28016952933302
166.594;226.7038280725319
166.629;226.74613834788448
166.696;226.77333333333334
166.73;226.7871111111111
166.78;227.1988888888889
166.857;226.81070234113713
166.924;226.69520624303232
166.991;226.98753964657908
167.029;226.98753964657908
167.096;227.3843368039837
167.163;227.22339945897204
167.23;227.22452660054103
167.297;227.19832465474303
167.365;227.71994566447816
167.399;227.59564823209428
167.465;227.33114233907526
167.546;227.34552476147206
167.613;227.360517946388
167.684;227.40582655826557
167.751;227.40582655826557
167.789;227.60981098109812
167.856;227.8046804680468
167.892;228.18994792845822
167.959;228.18994792845822
167.994;228.24307762142533
168.102;228.3665456196096
168.281;228.32955061280072
168.45;227.9656962310991
168.551;227.55292259083728
168.617;226.93543271409152
168.72;226.68622564567286
168.755;226.448532731377
168.822;226.55372460496613
168.857;226.51519274376417
168.895;226.3736961451247
168.963;226.36516853932585
169.031;226.6361797752809
169.068;226.69549467964683
169.139;226.5150554675119
169.176;226.24303683737645
169.243;226.29919137466308
169.311;226.25992779783394
169.39;226.31611010830323
169.426;226.2785151856018
169.501;226.5763779527559
169.651;226.14713835060837
169.795;226.32965299684543
169.912;226.3219611387257
170.076;226.47153185720742
170.275;226.01991851516524
170.409;225.597555454957
170.548;225.69175466187374
170.649;225.8108290271849
170.728;225.98000449337226
170.852;226.27204715484018
170.919;226.1051915665382
170.988;225.96074892849086
171.055;225.7956237311076
171.122;225.4095109308091
171.189;225.3666892044174
171.223;225.38312274368232
171.29;225.26240974729242
171.324;225.28331466965287
171.391;225.52161254199328
171.43;225.4916023604176
171.497;225.64298683613254
171.563;225.356981981982
171.693;225.05560578661846
171.732;225.05560578661846
171.8;225.30403097244363
171.834;225.23001594169892
171.871;224.96558750282998
171.938;225.26647045506
171.979;225.10125448028674
172.045;225.68212365591398
172.112;225.58242999096657
172.18;225.55397470641373
172.246;225.22990063233965
172.29;225.14679515912147
172.397;224.986553115195
172.463;224.986553115195
172.531;225.60193059066881
172.597;225.6934038152149
172.664;225.6261188891439
172.733;225.8714711957769
172.802;226.06908423226992
172.96;225.5466881324747
173.03;225.5777368905244
173.126;224.91186517877478
173.194;225.20769756319746
173.23;225.12312925170068
173.298;225.3721088435374
173.364;225.42766439909298
173.402;225.65039908779931
173.439;225.65039908779931
173.524;226.01256568425862
173.591;225.67557687914098
173.629;225.79646626893071
173.698;225.3969710876549
173.765;225.57695873898933
173.822;225.70166898470097
173.856;225.41502519468622
173.923;225.34448007329362
174.023;225.68804597701148
174.124;225.94712643678162
174.251;226.18665443705572
174.428;225.16455122393472
174.494;225.19106980961016
174.562;225.5560081466395
174.703;225.69110658520026
174.993;225.69436875567666
175.253;225.65417801998183
175.363;225.66666666666666
175.568;226.6884650317893
175.644;226.51323230038452
175.812;226.4912915629948
175.888;226.7184597961495
175.955;226.7184597961495
176.023;226.53378684807257
176.06;226.7419501133787
176.127;226.93431965926922
176.193;226.48442053351266
176.261;226.6443533697632
176.328;226.4020947176685
176.362;226.2801986904493
176.428;226.3678031158275
176.464;226.3335603996367
176.532;226.3335603996367
176.565;226.64049303811916
176.632;226.63433006162975
176.708;226.85551244008218
176.75;227.028759057971
176.819;226.87703804347825
176.853;226.89791760977818
176.92;226.47668628338616
176.988;226.13943598925692
177.055;226.4693375111907
177.122;226.2535593220339
177.224;226.17963256974372
177.261;226.5026083012021
177.298;226.56180539804944
177.337;226.43853746074473
177.404;226.56482727680574
177.453;226.26312247644682
177.523;225.77984144960362
177.6;225.65514103730663
177.638;225.65514103730663
177.672;225.7281619654231
177.738;225.62888233960552
177.772;225.62888233960552
177.806;225.53813176895306
177.873;225.77075812274367
177.949;225.80648820326678
178.018;225.91946460980037
178.113;225.5222072678331
178.181;225.20390309555856
178.248;225.26009070294785
178.285;225.26009070294785
178.323;225.29304367922347
178.363;225.46937832216315
178.43;225.61872146118722
178.498;225.61872146118722
178.574;225.73284369979345
178.649;225.70484278173055
178.716;225.512832263978
178.753;225.512832263978
178.821;225.16365714285715
178.854;225.52434285714287
178.921;225.52937142857144
178.956;225.57924874026568
179.022;225.34600322506336
179.09;225.46210550564385
179.17;225.4293351929335
179.236;225.63435611343562
179.303;225.41346377824365
179.337;225.13813184253436
179.377;225.10474860335196
179.444;225.06890130353818
179.478;225.00581125058113
179.513;225.00581125058113
179.58;224.87935843793585
179.616;224.90187023782036
179.684;224.933733548834
179.756;225.19034482758622
179.823;225.19034482758622
179.857;225.09695419669845
179.895;225.15973029528016
179.963;225.04567586366798
180.042;224.81065498154982