time;Pixel leftCheek
0;203.24666666666667
1.286;203.71592442645075
1.419;203.7304318488529
1.497;204.04916943521596
1.564;204.27843401957475
1.63;204.13496316141996
1.697;204.21387864565872
1.764;204.9424509140149
1.806;204.52877454299255
1.909;204.0340831629175
1.973;203.859918200409
2.007;204.41729323308272
2.073;204.3943950786056
2.157;204.7394438722966
2.224;205.1722833562586
2.292;205.23108665749655
2.327;204.4368293527172
2.394;204.25683627552786
2.459;204.33390119250427
2.526;204.4954003407155
2.594;204.53130404704254
2.633;204.53130404704254
2.699;204.9077868852459
2.735;204.86714480874318
2.801;204.98939808481532
2.898;205.51321661517335
2.969;205.1882916809312
3.007;205.3762410133516
3.075;205.26632653061225
3.162;204.87308085977483
3.229;204.69123166154895
3.264;204.85733788395905
3.333;205.40784982935153
3.377;205.2725706409373
3.444;205.43211578221917
3.512;205.62969342059938
3.581;205.51911815363417
3.648;205.87862068965518
3.685;205.92448275862068
3.718;205.8158524086095
3.753;205.5059788179023
3.788;205.3228561667236
3.855;205.06098406098405
3.958;205.2744282744283
4.025;205.59662418188083
4.092;204.83477959042
4.159;204.96980215203055
4.25;197.35308385308386
4.289;197.44906444906445
4.327;197.6807528409091
4.395;197.3338068181818
4.434;196.75017253278122
4.501;196.6231884057971
4.569;196.5637374088225
4.636;196.89360222531295
4.702;197.01216968011127
4.742;196.55121616992122
4.819;196.90784515244948
4.857;196.7593232044199
4.925;196.63674033149172
4.992;196.81446540880503
5.058;196.3512027491409
5.145;196.11134020618556
5.186;195.31377286848465
5.221;195.7890921643079
5.289;196.8909090909091
5.355;197.46923076923076
5.397;198.08476912474157
5.465;199.46865258053342
5.501;200.18843089712504
5.572;201.59231297186
5.643;201.7436513383665
5.677;201.61355124276471
5.714;201.54749744637385
5.781;201.11814776983317
5.848;200.15342652574157
5.914;199.49744289123765
5.992;199.63560174321154
6.057;199.23969158565203
6.125;199.65728813559323
6.191;199.82983050847457
6.23;200.08026179813984
6.296;199.61005856011022
6.377;199.64663951120164
6.444;198.91683638832316
6.511;199.20272572402044
6.544;198.99931856899488
6.61;199.64052741151977
6.644;199.88306731436504
6.682;199.8629476584022
6.748;199.9366391184573
6.817;200.33908839779005
6.85;200.73825966850828
6.937;201.35322692574601
6.97;201.4528105482304
7.012;201.99094076655052
7.079;201.64843205574914
7.114;201.54220665499125
7.153;201.23887915936953
7.254;201.08091068301226
7.321;200.935915010281
7.389;200.9417409184373
7.424;201.38532110091742
7.459;201.5331686661962
7.497;202.1047213347533
7.567;202.5825346112886
7.611;203.0572342694632
7.647;203.56949875577675
7.714;204.02368328031108
7.757;203.79250618593142
7.822;203.41547788873038
7.857;203.77888730385163
7.923;203.97600564573042
7.957;203.99576570218773
8.024;203.41970932293512
8.058;202.88833746898263
8.124;202.62674293886306
8.159;202.3400071505184
8.193;203.14010007147962
8.228;202.89206576125804
8.299;202.4803261254874
8.365;202.36051045728465
8.399;202.16584852734923
8.434;201.76753155680225
8.477;201.0483870967742
8.51;200.64656381486677
8.552;200.57922350472194
8.632;200.36271423574675
8.682;199.98986368402657
8.722;200.27368053128276
8.761;199.816504178273
8.797;199.81963788300837
8.833;200.64728412256267
8.868;200.00693481276005
8.935;200.248613037448
8.978;199.59458533241946
9.045;199.57745030843043
9.088;199.81631254283755
9.154;199.58699411968178
9.19;199.70840539605672
9.227;199.714631615358
9.295;199.47314751869476
9.362;199.4098807495741
9.443;200.18101092896174
9.477;200.29303278688525
9.514;200.41734972677597
9.548;200.0550489699426
9.616;199.95103005741305
9.683;200.19285714285715
9.717;199.99693877551022
9.751;200.41320885200554
9.791;200.58091286307055
9.831;199.9536652835408
9.899;200.11982044198896
9.936;200.13674033149172
10.003;200.63995873452544
10.046;200.96801925722147
10.112;200.914723285764
10.146;200.73686042464323
10.213;199.5801526717557
10.247;199.07078417765442
10.314;198.4328151986183
10.381;197.50466321243525
10.448;197.3575631706473
10.483;197.02769124264452
10.518;196.8490827275874
10.552;196.62374524056767
10.589;196.53985381134703
10.625;195.94639749390882
10.698;195.5748275862069
10.765;195.96896551724137
10.808;196.12272089761572
10.876;195.7640252454418
10.911;195.5170257123002
10.948;195.0239749826268
11.016;195.27357512953367
11.082;196.3124118476728
11.148;196.44146685472498
11.214;196.43650793650792
11.254;196.74465148378192
11.295;196.91994478951
11.332;197.0604073179151
11.397;197.85985502243702
11.464;198.06480218281038
11.5;198.23703956343792
11.536;198.77522306108443
11.605;198.52856665552957
11.641;198.7617774807885
11.723;199.3018033344675
11.775;199.256890098673
11.812;198.90609050697518
11.851;198.80299421571962
11.892;198.4645987862441
11.959;199.36783546864464
11.993;200.47770919067216
12.028;200.8628257887517
12.066;200.83513879485443
12.101;200.98205822613406
12.139;200.99119837508462
12.206;201.01567825494206
12.24;201.13122017723245
12.278;201.0486725663717
12.364;200.8992511912866
12.401;200.9291553133515
12.469;201.32595367847412
12.51;201.2224114441417
12.549;201.22841417268663
12.616;200.92294461644306
12.684;200.91444031112613
12.721;201.195468380115
12.793;200.54590003266907
12.852;200.5122508983992
12.89;200.8887765419616
12.925;200.9319177620492
12.992;200.66556071665562
13.027;200.5630391506304
13.092;200.4210350584307
13.131;200.45943238731218
13.198;200.56293823038396
13.251;200.5288814691152
13.288;200.5576540755467
13.355;200.33830351225978
13.388;200.25868465430017
13.422;200.30826306913997
13.458;200.0256323777403
13.492;199.9491924629879
13.526;199.7543741588156
13.581;199.9590108401084
13.648;200.1080623306233
13.685;199.98611111111111
13.72;200.12774586008786
13.754;199.83845893883068
13.788;200.18393520081
13.822;200.0995612554843
13.857;200.22983462706716
13.924;200.14084033613446
13.958;200.3273949579832
14.033;200.19790611279973
14.085;200.46707193515704
14.119;200.4453809844909
14.155;200.60654079568442
14.191;200.4912339851652
14.224;200.03480589022757
14.261;200.33366800535475
14.296;200.0669344042838
14.33;200.1401080351114
14.397;200.43315327481432
14.432;200.5962187711006
14.474;200.61158144260074
14.541;200.75143921435827
14.611;200.73924822214698
14.656;200.62916383412644
14.691;200.62916383412644
14.728;200.70598232494902
14.762;200.87962021024077
14.803;201.02984062394032
14.837;200.97083757205831
14.871;200.83889645776566
14.949;200.73687752355318
15.015;200.60699865410498
15.052;200.4557046979866
15.091;200.4708053691275
15.157;199.85605810498515
15.191;200.1977550346649
15.293;200.63898305084746
15.36;200.5077966101695
15.393;200.20026836632002
15.462;200.2983870967742
15.498;200.28427419354838
15.565;200.1348088531187
15.632;200.32662642521797
15.702;200.61375126390294
15.737;201.05695989214695
15.775;200.33058396568788
15.811;200.09138898053448
15.848;199.77928076542395
15.887;199.70141867370504
15.944;200.3010605542251
15.996;200.4426958604174
16.036;200.2923387096774
16.071;200.1720430107527
16.136;200.2499166944352
16.176;200.2295901366211
16.243;200.38309953239812
16.31;200.10439378923027
16.345;200.20812685827553
16.38;200.22471910112358
16.454;200.35855915399867
16.524;200.23839732888146
16.558;200.07078464106846
16.593;199.78664440734556
16.633;199.75618607720224
16.669;199.52820851204223
16.736;199.91183452017634
16.773;200.03323160393353
16.85;199.61777337297656
16.886;199.70796167822928
16.954;199.83148335015136
17.021;199.74268415741676
17.057;199.064039408867
17.095;199.1983579638752
17.134;199.03711001642037
17.215;199.78370221327967
17.253;199.2102615694165
17.289;198.40085498191385
17.324;198.58105886221637
17.396;199.00033783783783
17.434;199.40878378378378
17.501;199.01371237458193
17.534;199.11638795986622
17.568;199.3876848985208
17.634;199.92776057791536
17.671;200
17.706;199.5502168835502
17.776;199.67367367367368
17.848;200.48772169167805
17.889;200.28649386084584
17.934;199.9287175989086
17.994;199.25847176079733
18.029;199.09700996677742
18.063;199.4425618434429
18.097;199.1179261267367
18.13;199.31718061674007
18.176;199.7492365117068
18.243;200.0010179843909
18.277;200.01978846809962
18.311;200.18389628113272
18.381;200.3895486935867
18.445;200.3702069901595
18.511;200.7450914014895
18.578;200.33581584292486
18.623;199.79716503543705
18.659;199.64630442119474
18.7;199.66174496644297
18.734;199.8748322147651
18.8;199.67396351575456
18.835;199.59303482587066
18.871;199.6636815920398
18.941;199.8992612491605
19.008;199.94097807757166
19.043;199.98718381112985
19.077;199.99797639123102
19.145;199.83789192795197
19.183;199.760173448966
19.25;199.0891023517721
19.283;199.11228883736337
19.351;198.90884445950525
19.421;198.84005421890885
19.456;198.76570855614975
19.493;198.75601604278074
19.56;199.0575828590559
19.593;199.0046869768999
19.659;199.07663614784673
19.695;199.14038657171923
19.762;199.04577822990845
19.804;199.1447149049683
19.84;198.99099699899966
19.907;198.5392091152815
19.94;198.2382707774799
19.978;198.27692819148936
20.045;198.43650265957447
20.113;198.29413735343383
20.195;198.227903826617
20.233;198.227903826617
20.271;198.357941076871
20.305;198.26921785834173
20.338;198.43437395099028
20.377;198.45955018462573
20.444;198.46684527796384
20.484;198.15338245144005
20.522;197.96673387096774
20.59;197.89616935483872
20.639;197.85536912751678
20.677;197.84026845637584
20.713;198.0248322147651
20.748;197.77396569122098
20.782;197.83114698957283
20.82;197.98520013454424
20.856;197.9923384410393
20.901;198.13790806129248
20.939;198.07894736842104
21.02;198.1104377104377
21.083;198.36498316498316
21.122;198.37878787878788
21.16;198.2129316181449
21.198;198.00135409614083
21.265;197.947245409015
21.299;197.95325542570953
21.333;198.00302317769567
21.367;198
21.434;197.81960517358746
21.508;197.92988427501703
21.545;198.2014976174268
21.58;198.07083194119613
21.617;198.02773137320415
21.657;198.22094594594594
21.693;198.22094594594594
21.739;198.1641891891892
21.794;198.55135135135134
21.827;198.56836461126005
21.866;198.34148793565683
21.932;198.32163543441226
21.967;198.3717206132879
22.009;198.08211436170214
22.045;198.19614361702128
22.086;198.32380319148936
22.123;198.40812182741118
22.158;198.37698815566836
22.224;198.44220430107526
22.257;198.62029569892474
22.343;198.63408101774357
22.41;198.30666220287915
22.449;198.67927686642116
22.482;198.88685636856368
22.518;199.01930894308944
22.558;199.42352941176472
22.595;199.36089965397923
22.662;199.19761904761904
22.697;199.11972789115646
22.734;198.72979370984106
22.77;199.30977341900575
22.886;199.10574324324324
22.953;199.16689189189188
22.987;199.25591615956728
23.021;199.4496281271129
23.059;199.28634212305613
23.122;199.61764705882354
23.156;199.98477508650518
23.194;199.61411764705883
23.234;199.62857142857143
23.301;199.98219086021504
23.336;199.92103494623655
23.404;199.5991847826087
23.443;199.47282608695653
23.483;199.65102936213296
23.583;199.84306446169424
23.649;199.8215499660095
23.717;199.88035350101973
23.767;199.81475186947654
23.799;200.02426520847573
23.837;199.9025974025974
23.904;200.1010547805376
23.94;200.58251105818306
24.017;200.6981966655325
24.051;200.6326949384405
24.119;191.85366677931734
24.153;191.9300439337614
24.22;192.28060522696012
24.254;192.34250343878955
24.321;192.2054091064704
24.388;192.60801095515234
24.425;193.0154056829853
24.458;192.98113854595337
24.494;193.1519204389575
24.529;193.27023319615913
24.563;193.2390410958904
24.629;193.5763698630137
24.667;193.47979452054796
24.734;193.6716723549488
24.768;193.4890784982935
24.808;193.49278846153845
24.852;193.34546703296704
24.919;193.32945205479453
24.954;193.4599315068493
25.02;193.55506458191707
25.055;193.6169272603671
25.122;193.69068660774983
25.156;194.00102951269733
25.196;194.18256691832534
25.27;193.87191780821917
25.337;194.2068493150685
25.372;194.4223752151463
25.412;194.3752151462995
25.45;193.81772406847935
25.484;193.5602551191675
25.516;193.62134944612285
25.589;193.8039811066127
25.655;193.72975708502025
25.724;193.55799055967634
25.769;193.48010788941335
25.808;193.22791638570465
25.842;193.59662998624484
25.903;193.55777166437414
25.972;193.63639479095272
26.038;193.23668240053945
26.072;193.21207012811868
26.109;192.84254888739042
26.148;193.01026694045174
26.186;192.49965776865162
26.252;192.69732731690385
26.287;192.69732731690385
26.352;192.5034818941504
26.388;192.83147632311977
26.422;192.61873259052925
26.489;192.17633095964734
26.556;192.43675822312647
26.589;192.5527397260274
26.656;192.59417808219177
26.691;192.29014660756903
26.726;192.44084555063074
26.762;192.35219911353562
26.795;192.40628236106318
26.83;192.44770452191923
26.931;192.2623233367804
26.966;192.35608410892794
27;191.92638036809817
27.034;191.83742331288343
27.121;191.67484662576686
27.159;192.22154055896388
27.196;192.093387866394
27.232;191.9188820722563
27.266;192.03117587258558
27.333;191.89393425957303
27.401;191.97198496754356
27.439;192.3218312265118
27.476;192.0200885257065
27.544;191.3592100783112
27.577;191.1553365057784
27.616;190.9425560842964
27.654;190.94129692832763
27.721;190.97235494880547
27.763;191.2839590443686
27.831;191.3013698630137
27.899;191.2931506849315
27.932;191.0949129395698
28.008;191.1601229088426
28.042;191.35541140320927
28.076;191.46804193439297
28.111;191.63307406154885
28.178;191.5681433885695
28.214;191.39757785467128
28.284;191.16401384083045
28.351;190.7258883248731
28.418;190.853807106599
28.457;191.048730964467
28.492;190.9982811962874
28.53;191.17394293571675
28.607;191.22928841526297
28.648;191.10587830869716
28.686;191.40975609756097
28.753;191.52543554006968
28.792;191.14949152542374
28.87;191.55118644067795
28.925;191.5688581314879
28.992;190.9501730103806
29.038;190.98062283737025
29.075;190.94053315105947
29.143;191.02973342447027
29.177;190.81977342945416
29.213;190.89701338825952
29.251;191.21598639455783
29.285;191.1639455782313
29.353;191.32244897959183
29.394;191.11038514442916
29.462;191.45116918844568
29.497;191.46801925722147
29.531;191.19435104236717
29.567;191.18426361802287
29.634;191.44646533973918
29.671;191.21894303363075
29.705;191.01757944557133
29.776;190.9604462474645
29.842;191.2249657064472
29.877;191.18004115226339
29.916;191.2834132967786
29.951;191.40507196710075
29.984;191.45442083618917
30.021;191.5037697052776
30.058;191.67529812606475
30.126;191.88279386712097
30.166;191.67342032967034
30.201;192.03296703296704
30.239;192.02678571428572
30.285;192.15670877432572
30.352;192.40355069989758
30.386;192.3580076098236
30.425;192.08163265306123
30.492;191.95358361774743
30.528;192.25085324232083
30.561;192.30442294402212
30.596;192.3766413268832
30.679;192.58258465791292
30.782;192.39917976760083
30.817;192.46684894053314
30.851;192.40165346193592
30.891;192.56768859800206
30.959;192.86315789473684
30.992;192.7144312393888
31.026;192.72730387118875
31.061;192.4484412470024
31.135;192.18349249658937
31.202;192.1681446111869
31.27;192.49228659581763
31.305;192.49228659581763
31.34;192.680150839904
31.377;192.43263627014056
31.41;192.5006793478261
31.448;192.43070652173913
31.482;192.61124525698517
31.558;192.61124525698517
31.61;192.76373626373626
31.677;192.84100274725276
31.744;192.22161046111492
31.781;191.9721266345492
31.818;191.97213727488958
31.856;192.03567787971457
31.922;191.94767641996557
31.977;191.86368330464717
32.062;191.48689516129033
32.11;191.66297043010752
32.144;191.45497311827958
32.212;191.54808019028204
32.28;191.70253598355038
32.347;191.54729266620973
32.382;191.5111035189614
32.433;191.19883840109327
32.499;190.84335711858648
32.534;190.90553856608904
32.6;190.97230875735548
32.669;191.03946002076844
32.708;190.90584977500865
32.748;190.9910928400137
32.816;190.8975676601576
32.849;190.8864406779661
32.903;191.11186440677966
32.945;191.3071186440678
33.013;191.17755102040817
33.056;191.18333333333334
33.124;190.78333333333333
33.166;190.52933104631217
33.233;190.49777015437394
33.277;190.50670794633643
33.321;190.57000343997248
33.388;190.74200206398348
33.432;190.45671438309475
33.499;190.4918200408998
33.565;190.59850034083163
33.598;190.82925989672978
33.635;190.8278829604131
33.676;190.84501208146358
33.715;190.82050396962376
33.781;191.15791304347826
33.815;190.7617391304348
33.889;190.1633764465623
33.956;190.0571817562968
33.99;190.48846815834767
34.058;190.2209982788296
34.093;190.0017001020061
34.159;189.98537912274736
34.193;190.02414144848692
34.227;190.45523156089195
34.293;190.49399656946827
34.381;190.65284441398217
34.449;190.78478409869774
34.516;190.64675592173018
34.55;190.45691726742191
34.617;190.60206185567012
34.654;190.5061855670103
34.687;190.91491596638656
34.721;190.94152661064425
34.816;190.75025484199796
34.881;191.02786272511042
34.92;191.10183581572568
34.961;191.19812954624177
35.027;191.3296853625171
35.094;191.3487729001037
35.128;191.3384030418251
35.198;191.18861959957852
35.236;191.0365296803653
35.301;190.99864636209813
35.368;191.2741116751269
35.404;191.2790858725762
35.441;191.43628808864267
35.48;191.70048476454295
35.571;191.54172366621066
35.62;191.57216142270863
35.668;191.83257760725496
35.735;191.97209626787583
35.77;191.87913223140495
35.804;192.00068870523415
35.872;191.40597117364447
35.938;191.17032967032966
35.972;191.41277472527472
36.015;191.4690934065934
36.064;191.60607117934404
36.118;191.6625959525471
36.183;191.69713886950453
36.216;191.6097312010888
36.252;191.41748894181694
36.29;192.0316852367688
36.324;191.75383008356545
36.391;191.87774294670845
36.426;192.0929989550679
36.493;191.7832988267771
36.563;191.67805383022775
36.601;191.5799861495845
36.669;191.95429362880887
36.702;191.6208304969367
36.737;191.33356024506466
36.771;191.07556160653505
36.806;191.3213070115725
36.842;191.45150273224044
36.943;191.25785519125682
37.01;191.28566529492454
37.044;191.34842249657063
37.078;190.92764060356652
37.112;190.71364730147818
37.153;190.43657614300446
37.22;190.40948127791137
37.288;190.4166952937135
37.355;190.30660214310404
37.421;190.26719668164534
37.487;190.22910321489002
37.522;190.0439932318105
37.589;190.18172588832488
37.656;190.34954407294833
37.727;190.53664302600473
37.763;190.47394023627518
37.805;190.03544127866573
37.84;190.03822098679638
37.912;189.87521309239688
37.982;190.12785543811796
38.051;190.05659734060688
38.088;190.1197828299966
38.16;189.82592466915509
38.2;189.9852537722908
38.267;189.8412208504801
38.302;189.99758703895208
38.368;190.31402964495
38.444;190.54789402173913
38.516;190.0281929347826
38.582;189.77481840193704
38.649;189.66758906952612
38.684;189.70576131687244
38.751;189.77777777777777
38.789;189.7004781420765
38.895;189.78551912568307
38.961;190.31673582295988
38.996;190.41874135546334
39.03;190.30117565698478
39.097;190.3894017094017
39.136;190.20923076923077
39.21;190.00376068376067
39.279;189.59383468834687
39.344;189.9429945054945
39.412;189.97802197802199
39.479;190.1796551724138
39.547;190.2048275862069
39.616;190.07579378627517
39.682;190.3858991825613
39.75;190.98174302445744
39.788;190.89045814674475
39.865;190.96693076128145
39.943;190.61449077238552
39.994;190.11414900888585
40.032;189.97849095254352
40.098;190.10413110276545
40.132;190.37892223738064
40.165;190.2950204638472
40.231;190.13977389516958
40.265;190.4748201438849
40.353;190.35670314637483
40.404;190.6159370725034
40.439;190.54915488099346
40.472;190.77268023456364
40.539;190.63642635391514
40.575;190.63642635391514
40.608;190.78734263354883
40.645;190.60598843143927
40.682;190.60863557858377
40.72;190.44594127806562
40.792;190.38152472527472
40.86;190.6658653846154
40.928;190.66152263374485
40.967;190.8460219478738
41.004;190.77263374485597
41.038;190.84071404050806
41.105;191.1513903192585
41.139;191.22601794340926
41.172;191.22601794340926
41.207;191.4095928226363
41.275;191.54236706689537
41.341;191.20658888126286
41.377;191.02573781743308
41.41;191.1461908030199
41.475;191.0155172413793
41.543;191.49655172413793
41.577;191.31978134608815
41.61;191.45848992142126
41.677;191.55840056120658
41.715;191.86250438442653
41.76;191.69785641374617
41.827;191.67608029942159
41.863;191.67608029942159
41.902;191.72984008166043
41.941;191.61483497788365
41.976;191.9280868385346
42.015;191.89484396200814
42.081;191.19700068166327
42.116;191.47886843899113
42.192;191.87141375734532
42.259;191.58727458319157
42.299;191.82511058183056
42.366;191.38176833447568
42.399;191.5942426319397
42.434;191.67540181691126
42.469;191.86932215234103
42.507;191.7040531097135
42.575;192.05628002745368
42.613;192.35209334248455
42.646;192.05156411137847
42.684;191.34547954623582
42.722;191.1392231007219
42.83;191.6572608396421
42.867;191.62181693048865
42.934;191.86523842432618
42.97;191.75846579129234
43.011;191.73363509749305
43.048;192.07346796657382
43.086;191.92061281337047
43.123;191.74404356705242
43.191;191.69673247106874
43.296;191.52868430092752
43.333;190.9051872208863
43.401;190.9146968139774
43.437;191.09729359369646
43.503;190.76684819605174
43.54;190.8648740639891
43.574;190.57388663967612
43.635;190.12618083670716
43.702;189.96641791044777
43.768;190.19572591587516
43.836;190.47736625514403
43.868;190.31447187928669
43.913;189.8309327846365
43.949;189.7962962962963
44.017;189.87075983717776
44.083;189.99281068127354
44.117;190.0212256076686
44.184;189.92803547066848
44.251;190.0361527967258
44.286;189.93860561914673
44.324;189.80159556018037
44.361;189.93860561914673
44.394;189.74854998294097
44.43;190.18799044694643
44.515;190.0087260034904
44.549;189.6062827225131
44.631;189.3941379310345
44.669;189.48275862068965
44.736;189.5846367744178
44.773;189.47167188043102
44.84;189.43980514961726
44.877;189.43980514961726
44.916;189.24077868852459
45.018;189.08128415300547
45.084;189.45579163810828
45.122;189.4256339958876
45.161;189.5824366539396
45.194;189.38701839639015
45.229;189.2058313085734
45.316;188.75726495726497
45.383;189.03543859649122
45.434;189.15578947368422
45.483;189.06217436609933
45.551;189.16012504341785
45.614;189.17394317394317
45.752;189.03112175102598
45.785;189.04103967168263
45.818;189.2399723374827
45.853;189.1749654218534
45.897;188.88727524204702
45.994;188.72861559601512
46.04;188.70697354860872
46.14;188.7505986999658
46.208;188.71707150188163
46.28;188.97544338335607
46.348;189.04774897680764
46.387;188.94692737430168
46.454;188.92283519553072
46.529;188.93519781718962
46.596;188.84652114597543
46.636;188.95195607412492
46.678;188.78037062457105
46.722;188.70384351407
46.792;188.6995856353591
46.893;188.87638121546962
46.929;188.81547415268744
46.967;188.8418349880178
47.033;188.90677966101694
47.117;189.3020338983051
47.162;189.43652715323418
47.201;189.3569699066067
47.269;189.67325383304942
47.302;189.6221465076661
47.336;189.6534345875043
47.371;189.50535036244392
47.409;189.30755954435622
47.476;189.58888505350362
47.544;189.72665070133425
47.589;189.82586383852205
47.665;190.05473321858864
47.732;190.19582334816843
47.766;190.10133515919205
47.808;189.98213058419245
47.847;189.99931271477664
47.922;190.2302968270215
47.989;190.41214602524735
48.119;189.99249402934151
48.204;190.0436413228776
48.272;190.09921581997955
48.306;190.73666210670314
48.342;190.73974008207935
48.381;190.72696011004126
48.448;190.7595238095238
48.515;190.80068027210885
48.582;190.95372928176795
48.619;190.98135359116023
48.656;190.78600823045267
48.724;190.3988340192044
48.757;190.0142663043478
48.798;190.03634510869566
48.876;190.26528532608697
48.913;190.4438577965505
48.979;190.43998592045054
49.079;190.06843575418995
49.146;190.2747905027933
49.18;190.3393351800554
49.213;190.11807479224376
49.248;190.56163434903047
49.298;190.12027257240206
49.373;189.79863713798977
49.407;189.88263721090783
49.444;189.76665516051088
49.511;190.16109003104518
49.546;189.8554674025526
49.593;190.07588823732323
49.66;190.06512749827706
49.694;190.14679531357683
49.762;190.0003457814661
49.831;190.11479944674966
49.898;190.048
50.022;189.6269483893315
50.127;189.64357464496015
50.197;189.65488565488565
50.317;189.54469854469855
50.457;189.9678995115143
50.526;190.006629448709
50.561;189.69888346127007
50.597;189.76567425569178
50.631;189.5950963222417
50.666;189.3567735263702
50.706;189.26508100654948
50.743;189.0248190279214
50.811;189.62391379909627
50.844;189.52693778241223
50.918;189.51283830673142
50.985;189.33622484385842
51.02;189.4068094068094
51.053;189.38820638820638
51.089;189.46332046332046
51.122;189.3717185859293
51.156;189.3717185859293
51.191;189.39166958347917
51.23;189.40147007350367
51.292;189.14522249051396
51.359;189.03070024146257
51.394;188.96869565217392
51.461;189.28939130434782
51.495;188.84299516908212
51.562;188.99930867611477
51.629;188.9775319737297
51.674;188.9555166374781
51.76;189.24063047285463
51.844;189.29479166666667
51.882;189.11041666666668
51.949;188.70069444444445
52.018;188.61770833333333
52.085;188.61353331008021
52.152;188.71049877921172
52.222;188.84757586327171
52.275;188.86809708054872
52.34;189.20260288427718
52.411;189.12998266897748
52.484;189.16949740034661
52.533;189.25164873307878
52.565;189.34849010760152
52.633;188.8243715083799
52.714;188.80237430167597
52.75;189.1657323055361
52.817;189.09039943938333
52.883;189.41065171688857
52.917;189.61004953998585
52.954;189.60863411181882
52.99;189.51415428167022
53.03;189.26332509707024
53.098;189.879632897988
53.147;189.8979447200567
53.214;189.9107016300496
53.247;189.86395511921458
53.287;189.6132538569425
53.324;189.61044880785414
53.359;189.46167308365418
53.396;189.5971298564928
53.464;189.77430555555554
53.498;189.58090277777777
53.533;189.71840277777778
53.6;189.62268760907503
53.639;189.78743455497383
53.698;190.14668547249647
53.734;190.14774330042314
53.811;190.39289410141427
53.892;189.85679185679186
53.928;189.91365391365392
53.962;189.93015093015094
54.03;189.99284253578733
54.098;190.1663258350375
54.13;189.9986216402481
54.203;189.79944865609923
54.268;190.0344234079174
54.302;189.80240963855422
54.37;189.64979480164158
54.405;189.8498632010944
54.47;189.7806364251862
54.542;189.1990521327014
54.586;189.43479752916951
54.621;189.1901166781057
54.687;189.0871341048332
54.721;189.19605173587473
54.754;189.3572170301142
54.821;189.09899619245414
54.902;189.3073727933541
54.937;189.04421768707482
55.002;188.97619047619048
55.037;189.38124572210813
55.124;189.04312114989733
55.156;189.10544571626778
55.192;189.1290322580645
55.261;188.60819729072594
55.295;188.79333101771448
55.363;188.85714285714286
55.404;188.83252427184465
55.436;188.7767023850674
55.473;188.7148288973384
55.51;188.94296577946767
55.566;188.9753043478261
55.603;188.89286956521738
55.67;189.103591160221
55.707;189.2272099447514
55.757;189.17368784530387
55.803;189.40626086956522
55.837;189.17426086956522
55.878;188.52347826086955
55.912;188.72846312887663
55.979;188.7580978635424
56.046;188.79751638496032
56.08;188.79165229389446
56.115;188.78446201443796
56.161;189.08869027157098
56.228;188.86180818150567
56.261;189.1185210780926
56.3;189.28196268140982
56.34;189.15126341294567
56.373;189.22360678435444
56.427;189.2326064382139
56.505;189.35384615384615
56.542;189.18006993006992
56.576;189.17300313916985
56.612;189.00976630624345
56.678;188.97491289198607
56.712;188.93379790940767
56.746;189.2378174330817
56.78;189.20452985586823
56.819;188.96980096087853
56.89;189.16960276338514
56.991;189.31003460207612
57.059;189.1439446366782
57.126;189.21336131514516
57.168;189.44071353620146
57.234;189.33207934336525
57.32;188.9268125854993
57.359;188.8735751295337
57.425;189.20898100172712
57.492;189.163906142167
57.525;189.0607315389924
57.592;189.37723521320495
57.629;189.3400962861073
57.697;189.51645306546587
57.732;189.46934534118463
57.767;189.44966910484152
57.803;189.52699407871822
57.888;189.98881900768694
57.953;190.12543675751223
57.987;190.21391304347827
58.022;189.86434782608697
58.092;190.03635734072023
58.176;190.2586565096953
58.212;190.2586565096953
58.246;190.1141304347826
58.283;190.36990489130434
58.348;190.34715200539264
58.385;190.37411526794742
58.419;190.27809847198643
58.453;190.06417657045841
58.52;189.97585034013605
58.627;190.17789115646258
58.694;190.14109589041095
58.727;189.90890410958903
58.762;190.06431956668922
58.797;190.1134055517942
58.834;190.04231550440082
58.9;190.54369602763384
58.967;190.58825561312608
59.068;190.7199444058374
59.14;190.8599722029187
59.181;191.15438596491228
59.218;190.9961403508772
59.285;190.6390041493776
59.321;190.5463347164592
59.359;190.57814710042433
59.395;190.58168316831683
59.463;190.69483734087694
59.497;190.90035211267605
59.536;190.43133802816902
59.575;190.56056338028168
59.643;190.80880281690142
59.684;190.5761058864507
59.728;190.67816091954023
59.765;190.38244514106583
59.806;190.5950643030935
59.873;190.30587417448731
59.908;190.28157711095605
59.977;189.86147941381716
60.019;189.5941074523397
60.086;189.89324090121318
60.153;189.6636299929923
60.192;189.6678346180799
60.228;189.48436963242872
60.264;189.60735142562694
60.301;189.3569220199244
60.368;189.33618623758986
60.401;189.65046217048956
60.439;189.48130193905817
60.512;189.41862880886427
60.582;189.18068965517242
60.65;188.98931034482757
60.684;189.2068252326784
60.751;188.8728024819028
60.784;189.1793906196508
60.857;188.95823348168435
60.892;188.83180739233637
60.966;189.03221430993557
61.068;189.10952865378096
61.139;188.96841743906626
61.206;188.44867833848267
61.241;188.34748102139406
61.308;187.9616977225673
61.344;187.97481021394066
61.376;187.974173553719
61.445;188.51026694045174
61.485;188.305954825462
61.552;188.17344896597731
61.619;187.85256837891927
61.686;188.6021505376344
61.72;188.65279223031564
61.756;188.69996531390913
61.823;188.63543091655268
61.857;188.2612859097127
61.924;188.1524064171123
61.997;188.22092245989305
62.1;188.23833671399595
62.206;187.97464503042596
62.277;187.84701492537314
62.312;187.76051560379918
62.352;187.70222984562608
62.388;187.87409948542023
62.454;188.17471736896198
62.488;188.18293936279548
62.522;188.38232271325796
62.572;188.25392491467576
62.608;188.07815699658704
62.646;187.91296928327645
62.717;187.9310815421358
62.752;187.9310815421358
62.818;188.22095829024474
62.851;188.04688038607378
62.919;188.0910038207711
62.986;188.01877133105802
63.052;187.96813559322035
63.099;187.9562711864407
63.138;188.05288135593221
63.204;188.65849447513813
63.246;188.67921270718233
63.281;188.3568722011712
63.319;188.47295900792284
63.384;188.3423050379572
63.422;188.6328502415459
63.499;188.659375
63.567;188.5861111111111
63.602;188.75764951321278
63.67;188.87065368567454
63.705;188.9292469352014
63.761;189.11803852889668
63.8;189.28441330998248
63.868;189.19689119170985
63.942;189.47081174438688
64.047;188.7021056265102
64.086;188.76630997583706
64.153;188.94718674490852
64.186;189.28131487889274
64.22;189.31695501730104
64.29;189.27197802197801
64.387;189.52335164835165
64.469;189.51023239680887
64.503;189.93374956642387
64.537;190.17273673257023
64.572;189.99273356401383
64.612;190.1114186851211
64.678;189.7833910034602
64.713;189.6014593467686
64.752;189.64732453092427
64.82;189.85670419651996
64.886;189.9263050153531
64.951;189.79313858695653
64.991;189.57778532608697
65.057;189.63444816053513
65.124;189.6104209799862
65.191;189.6407867494824
65.225;189.75395189003436
65.277;189.88728522336768
65.359;189.40171821305842
65.422;189.11580756013745
65.49;189.01350894967916
65.524;188.86085781830462
65.592;189.06480523957256
65.629;189.34332988624612
65.663;188.9243041412084
65.73;188.85268160217242
65.765;189.07692307692307
65.845;189.11027910142954
65.913;188.89275862068965
65.995;188.16034482758621
66.061;188.179012345679
66.129;188.57887517146776
66.231;188.60871056241427
66.383;188.60191191532945
66.466;188.48069105691056
66.535;188.41124661246613
66.62;188.6623916811092
66.687;188.42287694974004
66.768;188.20082673096798
66.835;188.34584912159835
66.902;188.1994497936726
66.969;188.35866574965613
67.05;188.49896836313619
67.117;188.54984583761563
67.183;188.79136690647482
67.223;188.92942788626243
67.328;188.4796348314607
67.398;188.3556882022472
67.477;188.32765809589992
67.547;188.36622654621266
67.617;188.56905687036382
67.685;188.82444365948427
67.776;189.1877773984295
67.858;188.92625469443496
67.953;189.03222488858415
68.021;189.12170037709976
68.087;188.6393609789259
68.131;188.68456832087017
68.229;188.64853840924542
68.303;188.61695607763025
68.386;188.74906367041197
68.453;189.0659793814433
68.521;189.2168384879725
68.588;189.0701030927835
68.655;189.1597488664109
68.768;189.19114056505057
68.865;188.98913412563667
68.932;188.97166268350972
69.01;188.94264254011608
69.076;189.32946398088086
69.145;189.3861386138614
69.299;189.46790540540542
69.411;189.81689189189188
69.515;189.91014690809703
69.582;189.54560983942602
69.65;189.85848400556327
69.717;189.61369958275384
69.784;189.93532851737186
69.852;189.70347437220502
69.926;189.95878830574145
70.019;190.02712222613596
70.079;190.0831608005521
70.147;190.1390614216701
70.214;189.51295336787564
70.256;189.76303972366148
70.322;189.69464594127805
70.357;190.03166953528398
70.422;189.89810671256456
70.459;189.554820744866
70.498;189.7128437173686
70.568;189.7358162199791
70.636;189.75226480836238
70.725;189.62759336099586
70.796;189.65940525587828
70.857;189.3165969316597
70.895;189.36541143654114
70.971;189.134239888424
71.037;188.86705399863294
71.145;188.91934381408066
71.247;188.74265208475734
71.317;188.65740740740742
71.384;188.8196159122085
71.456;188.876793839692
71.49;188.70283514175708
71.579;188.75305291723203
71.648;188.82327001356853
71.685;188.6299185888738
71.751;188.2791580400276
71.821;188.46687370600415
71.893;188.8191844919786
71.997;188.5043449197861
72.086;188.50896785109984
72.222;187.7052453468697
72.289;187.94924554183814
72.325;188.05246913580248
72.393;187.8909465020576
72.461;188.20940460081192
72.528;188.07713125845737
72.594;188.13125845737483
72.662;188.10023624704692
72.73;188.26662166722915
72.796;188.59761499148212
72.863;188.10255536626917
72.954;188.12884680419344
73.114;187.7419682110247
73.185;188.20726643598616
73.352;188.34221453287196
73.423;188.3733564013841
73.489;188.6621338912134
73.556;188.40306834030685
73.592;187.82012920775247
73.659;188.12920775246513
73.726;188.181598062954
73.817;188.39538090313684
73.891;188.56945880730783
73.959;188.77031196434694
74.026;188.83853273911552
74.092;189.00620048225974
74.159;189.27936617292457
74.225;189.1468868249054
74.294;188.98073615411076
74.36;189.02107081174438
74.427;189.35440414507772
74.493;189.08179329226556
74.56;189.2419575633128
74.633;189.30482381115291
74.7;189.60827916524119
74.767;189.95387263339072
74.836;189.65473321858863
74.912;189.46061231510149
75.079;189.35018919848642
75.146;189.36016511867905
75.259;189.97282229965157
75.361;189.8637630662021
75.479;189.95923344947735
75.552;189.5685802681334
75.653;189.48195256101752
75.719;189.4691067830759
75.786;189.37172599059772
75.826;189.20248488918736
75.894;189.3902192242833
75.96;189.3018549747049
76.014;189.4684441444482
76.082;189.44076949038137
76.152;189.5289227571874
76.223;189.09144440595773
76.29;189.18981641842743
76.357;189.3064182194617
76.394;189.32436162870945
76.461;189.49379310344827
76.502;189.27448275862068
76.54;189.85539643730354
76.576;189.53335661893118
76.615;189.55640936081033
76.694;189.68756494631106
76.731;189.50987183927953
76.765;189.69198895027625
76.82;189.6771408839779
76.89;189.35979557069848
76.924;189.2068143100511
76.995;189.00206967919974
77.029;188.95481200413937
77.072;189.3511555708865
77.11;189.23801250868658
77.146;189.32105628908965
77.186;189.32105628908965
77.225;189.1217926787547
77.27;189.08518645227505
77.311;189.42327675788016
77.355;189.3733979909941
77.423;189.61533101045296
77.456;189.56689895470384
77.507;189.91663807890222
77.574;190.00445969125215
77.642;189.2136254707292
77.709;189.09380349195482
77.748;189.26916406520985
77.817;189.00971210544571
77.851;189.14128566517704
77.898;188.4963905122035
77.965;188.4887737478411
78.031;188.72780656303974
78.098;189.05906176172797
78.132;189.1606479919001
78.168;189.2031356509884
78.204;189.06475800954328
78.272;189.219836400818
78.339;189.38145048814505
78.372;189.60913528591354
78.416;189.09937238493723
78.494;188.89620689655172
78.528;188.74
78.568;188.74408233276156
78.606;188.78319039451114
78.673;188.65878725590954
78.746;188.80047748976807
78.815;188.85982264665756
78.883;188.9074200136147
78.92;188.7927161334241
78.987;188.79577944179715
79.021;189.21956224350205
79.058;189.2140902872777
79.142;189.4945205479452
79.18;189.27328767123288
79.247;189.04123711340208
79.316;189.06539509536785
79.35;189.08140326975476
79.384;189.23944141689373
79.45;189.3508344923505
79.485;189.5038247566064
79.522;189.60531840447865
79.593;189.75752274317705
79.669;189.75440414507773
79.71;189.8545768566494
79.745;189.93145441892833
79.812;190.1955462769659
79.879;190.26070309780718
79.915;190.50087017055344
79.95;190.34980856247824
80.016;190.11973546815176
80.054;190.11659034871434
80.122;190.40471997182107
80.162;190.47035991531405
80.232;190.2378263937897
80.298;190.47776993648554
80.366;190.7561317449194
80.433;190.72810091100212
80.504;190.98082955733705
80.581;191.14883234576507
80.618;191.28929940745905
80.677;190.80914166085137
80.771;190.8499651081647
80.805;190.79172510518933
80.872;190.95897615708276
80.953;190.96353436185134
81.141;191.5988065988066
81.24;191.82906282906282
81.309;191.62906042612644
81.351;191.28187216206777
81.417;191.02913302913302
81.485;191.3029133029133
81.522;191.36614853195164
81.589;190.98514680483592
81.656;190.9713298791019
81.723;191.3207681365576
81.789;191.2414651493599
81.823;190.93111803392176
81.889;190.45448251990308
81.924;190.5908618899273
81.962;190.79344033496162
82.028;190.5443126308444
82.097;190.20689655172413
82.163;190.30721003134795
82.232;190.39382504288164
82.3;190.23533447684392
82.337;190.16450953678475
82.404;190.1100136239782
82.472;190.03501683501685
82.54;190.15959595959595
82.578;190.1409691629956
82.644;190.0826838359878
82.679;189.52253473398846
82.749;189.63283378746593
82.815;189.57322888283377
82.883;189.6890614449696
82.918;189.6985145172181
82.985;189.63200540175558
83.081;189.79945429740792
83.198;189.77114597544337
83.265;190.1331300813008
83.333;190.04325785738425
83.4;189.48428523149713
83.471;189.27488956846756
83.566;189.32687733605164
83.635;189.4893762851268
83.701;189.50616860863605
83.737;189.6287197231834
83.773;189.73910034602076
83.808;190.21626297577853
83.846;190.11937716262975
83.883;189.96193771626298
83.916;189.94650205761317
83.957;190.07510288065845
84.022;190.10377358490567
84.089;189.78057302585606
84.164;189.79937413073714
84.226;189.60744089012516
84.303;189.60167714884696
84.371;189.73142657830485
84.408;189.69863969305894
84.49;189.8053714684339
84.558;190.251040221914
84.626;190.30235783633842
84.662;190.3377253814147
84.701;190.63505444327362
84.737;190.88619599578504
84.804;190.50140252454418
84.87;190.36581970066132
84.902;190.4660633484163
84.938;190.66237382526975
85.019;190.87879846315053
85.153;191.24205378973105
85.187;191.3879189944134
85.232;191.2328910614525
85.274;191.33462078651687
85.308;191.4750702247191
85.343;191.59726123595505
85.38;191.71032303370785
85.415;191.97505197505197
85.452;191.7865557865558
85.527;191.60006985679357
85.593;191.52287809989522
85.63;191.69431697846807
85.665;191.79385810095306
85.703;191.90225303292894
85.739;191.92928942807626
85.812;191.9910468319559
85.886;192.13154269972452
85.93;191.82210708117444
85.966;191.946804835924
86;192.10120898100172
86.035;192.34507772020726
86.076;192.26901605024423
86.112;192.1814375436148
86.148;191.75087229588277
86.183;191.5132382892057
86.249;191.8235294117647
86.287;191.9937347720153
86.353;191.90634648370497
86.392;192.25214408233276
86.461;191.59229701596115
86.527;191.84073560027758
86.676;191.9181124219292
86.745;191.8150589868147
86.812;191.42921582234558
86.848;191.28737997256516
86.916;190.82373113854595
86.952;190.51796821008983
86.991;190.48928818244644
87.057;190.6045562733764
87.093;190.59537572254337
87.159;190.96438450899032
87.197;190.89626556016597
87.263;191.1673582295989
87.298;191.2686721991701
87.334;191.11782786885246
87.37;191.297131147541
87.49;190.67964480874318
87.523;190.70066363953896
87.592;190.8138316451275
87.654;190.69126348764357
87.693;191.09084580577795
87.76;190.99229961498074
87.797;190.76338816940847
87.836;191.0645495340007
87.875;190.91508457024509
87.944;190.7981525829627
87.983;190.7981525829627
88.022;191.13034553540882
88.088;190.5917038052794
88.122;190.65375385670208
88.19;190.33561878642442
88.306;190.3999319264806
88.344;190.23144996596324
88.412;190.32629815745395
88.476;190.33668341708542
88.511;190.051567239636
88.578;190.067071115605
88.648;190.35165940328528
88.715;190.31377807576266
88.754;190.3430905377808
88.821;189.89720898570457
88.887;190.20115922263895
88.923;190.03000340947835
88.988;190.34265257415615
89.055;190.0621797061838
89.147;190.37956952511104
89.214;190.66411149825785
89.249;190.8418118466899
89.315;191.0198606271777
89.351;191.22996515679444
89.418;190.73092926490986
89.504;190.67059639389737
89.59;191.04204946996467
89.657;191.16855123674912
89.69;191.3330990864371
89.757;191.73822909346453
89.831;191.711072056239
89.904;191.8200351493849
89.943;191.9911158493248
90.01;192.04228855721394
90.077;191.6044776119403
90.146;191.38975576662145
90.232;191.6381601362862
90.307;191.86064735945484
90.374;191.705597788528
90.44;191.41292328956462
90.507;191.43150684931507
90.595;191.6140410958904
90.666;191.57236842105263
90.713;191.06682825484765
90.777;190.90581717451525
90.844;191.2567195037905
90.913;190.7353549276361
90.98;190.65719237435007
91.051;191.04818024263432
91.118;190.83535528596187
91.202;190.6020512820513
91.259;190.92820512820512
91.326;190.7719658119658
91.394;190.35897435897436
91.462;190.51359832635984
91.528;190.39609483960948
91.571;190.58437935843793
91.642;190.4248275862069
91.711;190.4655172413793
91.777;190.52761375477596
91.845;190.69885376866966
91.887;190.86027111574558
91.955;190.41258255126868
92.023;190.32364273204902
92.09;190.30647985989492
92.174;190.28967696629215
92.24;190.5249297752809
92.308;190.303986135182
92.375;190.25511265164644
92.442;190.26424159231297
92.509;190.32910089224433
92.59;190.39859402460456
92.657;190
92.737;190.06610109579356
92.807;190.0890505890506
92.876;190.17671517671516
92.944;189.99157599157598
93.011;190.3899613899614
93.063;190.14952614952614
93.132;190.33848857644992
93.311;190.66010544815467
93.359;190.46678383128295
93.427;190.29178370786516
93.494;190.4375
93.54;190.68905817174516
93.62;190.57029085872577
93.695;190.66071428571428
93.762;190.77556022408965
93.828;191.08862068965516
93.893;191.18413793103448
93.936;191.55606326889279
94.004;191.5005272407733
94.083;191.2656413841314
94.183;191.28975882558547
94.223;191.37329605033204
94.29;191.4126652748782
94.357;191.60647181628391
94.425;191.95814280689413
94.462;191.84945480126626
94.528;191.81760785689232
94.595;192.1255699754472
94.664;192.26161369193153
94.731;192.02375130981488
94.777;191.65584642233856
94.817;191.83944153577661
94.853;191.84293193717278
94.919;191.79789842381786
94.985;192.05429071803852
95.053;192.16360485268632
95.12;192.19653379549393
95.189;192.07277158774374
95.261;192.0717270194986
95.34;192.61835245046925
95.41;191.90615224191868
95.479;191.63925362819626
95.58;191.96699096594858
95.693;192.0271021542738
95.795;191.9919184820801
95.865;192.42867182009837
95.939;192.36718200983836
96.074;191.96180316586373
96.174;191.60701995870613
96.243;191.57777013076392
96.321;192.1121362668559
96.423;192.3917672107878
96.495;192.13952679192764
96.561;191.47807933194156
96.598;191.46800415081287
96.639;191.32307160152197
96.728;191.03493600830163
96.775;190.77622138708574
96.82;191.15271609156133
96.897;191.11254806011883
96.96;191.51275777700104
97.027;191.40720027962251
97.065;191.33520928596553
97.144;191.27154414351037
97.215;191.47060857538037
97.252;191.45746887966806
97.325;191.7681360638667
97.395;191.61506421381463
97.485;190.94570135746605
97.561;191.17312390924957
97.629;190.9780104712042
97.696;191.16649287452208
97.764;191.17135905457073
97.84;190.89711505039972
97.907;190.94855752519987
97.982;190.94508168230797
98.031;191.33565945568736
98.106;191.1559665038381
98.172;190.5630725863284
98.24;190.70507399577167
98.307;190.7175572519084
98.376;190.70992366412213
98.459;190.88157436433298
98.527;191.02229188436084
98.568;190.86648025166025
98.634;190.90353023418385
98.702;191.1604334148899
98.77;191.69731800766283
98.837;191.32741205154997
98.904;191.1323011963406
98.978;191.06931738212526
99.085;191.1838720889816
99.197;191.106013208203
99.234;191.24145223827986
99.301;191.7458583010222
99.38;191.4945364821995
99.442;191.26683291770573
99.519;191.58674741717135
99.619;191.26868265554396
99.686;191.17135905457073
99.761;191.52589502954467
99.86;191.73287197231835
99.925;191.66989619377162
99.993;192.00273691412931
100.059;192.00342114266164
100.134;192.36417597765364
100.247;192.1583742116328
100.314;191.73055360896987
100.361;191.91836019621584
100.404;191.9166089965398
100.473;192.07993079584776
100.54;192.03403231350978
100.607;192.38294946717085
100.674;192.1168786524579
100.742;192.0664800559832
100.807;192.43666899930022
100.896;192.0650969529086
100.935;191.94113573407202
101.02;191.86335616438356
101.087;191.66541095890412
101.129;192.49670482136662
101.198;192.72459243843218
101.266;192.59814049586777
101.347;192.69283746556474
101.424;192.74079221681723
101.491;192.42876997915218
101.559;191.8464211257818
101.597;192.0010355540214
101.663;191.72419744563342
101.73;191.6997587038952
101.797;191.80386073767667
101.864;191.34632631942048
101.93;191.15557088651258
101.999;191.59910065721203
102.099;191.75268073331029
102.203;191.31627430910953
102.311;191.08734220402593
102.38;191.34014804370815
102.449;191.38702855128656
102.515;191.51921043355657
102.612;191.14087919695396
102.671;191.29421945309795
102.713;191.25208913649024
102.779;191.10445682451254
102.85;191.43576388888889
102.888;191.20520833333333
102.936;190.99791666666667
103.003;190.8673294480631
103.039;190.91566678093932
103.106;190.86503496503497
103.152;190.74405594405596
103.224;191.0083916083916
103.261;191.13568376068375
103.32;191.10185185185185
103.387;191.23219373219374
103.425;191.23504273504273
103.496;191.21725678927467
103.535;191.35372980405637
103.601;191.06746310611385
103.675;190.5762473647224
103.721;190.82542431589886
103.788;191.16072047107724
103.835;190.97821576763485
103.901;191.0795297372061
103.968;191.1490769766632
104.035;191.66213862765588
104.073;191.56023676880224
104.143;191.69742339832868
104.209;191.97284122562675
104.246;191.9233449477352
104.312;191.44564459930314
104.382;191.38801369863015
104.448;191.6404109589041
104.49;191.6251298026999
104.557;191.79473866389753
104.624;191.9569176882662
104.691;192.3292469352014
104.73;192.42270531400968
104.798;192.30883367839888
104.866;192.42148477591516
104.92;192.33664043790625
105.02;192.0692760651195
105.088;191.7790093522688
105.134;191.9264756644805
105.201;192.1404901622368
105.24;192.3541594753193
105.309;192.5070762858129
105.39;192.64317482039002
105.429;192.48751282928498
105.495;192.644297635605
105.529;192.56015299026424
105.604;192.32359081419625
105.664;192.2355601948504
105.704;192.2553931802366
105.783;192.35142658315937
105.859;192.13645833333334
105.94;192.409375
106.02;191.68786726581402
106.122;191.7390252333218
106.254;191.1652264085724
106.344;191.74093264248705
106.412;191.47115716753024
106.48;191.23293718166383
106.546;191.30831918505942
106.613;191.2891075670173
106.653;191.3050559891415
106.72;191.39535689535688
106.787;191.27720027720028
106.829;190.82397782397783
106.903;190.57624175060786
106.982;190.8214657867315
107.049;190.76810073452256
107.116;191.03882476390345
107.158;191.01557632398755
107.227;190.7625475943233
107.294;190.97406239046617
107.364;190.98040587823652
107.432;191.0853743876837
107.499;190.98668068699615
107.566;190.82754994742376
107.605;190.70347003154575
107.679;190.79702627939142
107.746;190.86618257261412
107.814;190.86966905493006
107.848;190.9959058341863
107.941;191.1372893258427
108.01;190.82759831460675
108.077;190.45946878233875
108.11;190.5419110037944
108.175;190.43832293832293
108.213;190.59667359667358
108.306;190.44463727872267
108.372;190.59875043387711
108.442;190.3288474810214
108.507;190.51414768806075
108.575;190.71704623878537
108.643;190.6326671261199
108.71;190.83907649896622
108.747;190.77366966136836
108.813;190.96095369730477
108.881;190.69971870604783
108.948;190.49367088607596
109.016;191.15284151076597
109.159;191.40593010942465
109.239;191.65175164758932
109.312;190.78494623655914
109.378;189.73257023933402
109.416;193.77314974182445
109.483;192.35869191049915
109.549;197.277995023107
109.587;196.8809100604337
109.654;198.30631970260222
109.695;197.57323420074349
109.763;201.0422213769494
109.798;200.05553442373525
109.866;204.9146049481245
109.932;204.99122106943335
110.041;207.49678456591639
110.17;207.1225884244373
110.248;206.66036977491962
110.314;206.56839032527105
110.38;205.8465387823186
110.423;207.26775956284152
110.488;205.0369903320723
110.557;206.55373001776198
110.625;207.23401420959146
110.665;208.03796928327645
110.73;208.04095563139933
110.765;206.89150165016503
110.831;206.53506600660066
110.899;207.13743676222597
110.937;206.7879426644182
111.004;205.42074198988195
111.071;206.034793814433
111.11;204.6245704467354
111.155;206.94325621999127
111.222;207.56132693147097
111.291;207.60310612597067
111.37;208.816220880069
111.451;210.5986129172085
111.517;211.04638058084092
111.584;210.70789362600254
111.623;211.05318699873365
111.663;210.838400666389
111.731;211.6497292794669
111.768;212.19700124947937
111.837;211.74117158288325
111.904;212.08724553385957
111.941;210.04802811401797
112.008;210.09996095275284
112.116;209.0336520076482
112.179;209.19082217973232
112.246;207.82673992673992
112.313;207.09853479853479
112.387;205.12097953216374
112.452;203.6359649122807
112.519;203.809590479524
112.588;204.17045852292614
112.655;205.75325157933852
112.723;206.2263099219621
112.766;207.23068432671081
112.833;207.27630610743194
113.084;206.97192463982267
113.179;206.6878463243443
113.244;205.98712288447388
113.316;205.8841059602649
113.383;206.74194729136164
113.418;206.83931185944363
113.484;206.27856365614798
113.516;206.27856365614798
113.56;206.15125136017411
113.628;206.22633297062023
113.694;205.87895310796074
113.731;205.59505634314795
113.797;203.9590395480226
113.836;203.4463276836158
113.877;202.76712328767124
113.912;202.7214611872146
113.98;202.68001404987706
114.017;202.29121456072804
114.056;202.2467623381169
114.152;202.3661183059153
114.188;201.4874527328979
114.256;201.96390512203507
114.294;202.57559774964838
114.334;203.87271448663853
114.37;204.6726441631505
114.407;205.41068917018285
114.446;205.26401384083044
114.481;205.26020761245675
114.549;204.99587770525594
114.616;204.73273789075918
114.668;204.4840785907859
114.705;204.4461382113821
114.742;204.58231707317074
114.81;204.0770017035775
114.883;203.87155025553662
114.925;203.31593220338982
114.965;202.75389830508473
115.03;202.11355187563365
115.097;202.73943899966204
115.164;202.92328489354512
115.266;203.03224711473183
115.334;203.09877800407332
115.424;203.18429105746344
115.54;202.64083304882212
115.607;202.77978832365994
115.651;202.94317417619368
115.718;202.7740416946873
115.786;202.87141410732366
115.872;202.46034424569692
115.976;202.4674355495251
116.092;201.90875169606514
116.158;201.70956985661888
116.197;201.48549516505503
116.264;201.42495840266224
116.332;201.05091514143095
116.41;201.34896872920825
116.535;201.34797072521624
116.604;201.83559322033898
116.671;201.57525423728814
116.711;200.98537720172814
116.778;200.88334995014955
116.846;200.7095788043478
116.888;201.09816576086956
116.963;201.15013586956522
116.997;201.1171875
117.051;200.62449933244326
117.116;200.75200267022697
117.152;201.00067204301075
117.219;200.94825268817203
117.286;200.459
117.353;200.16666666666666
117.387;200.2556492411467
117.426;200.15379426644182
117.492;199.93950534759358
117.53;200.21423796791444
117.566;200.2366310160428
117.644;200.38046795523906
117.681;200.32417768735164
117.748;200.50152594099694
117.785;200.28908355795147
117.826;199.96832884097034
117.893;199.4022988505747
117.929;199.33300492610837
118.005;200.09979423868313
118.104;200.19787379972564
118.191;200.10827168796234
118.264;200.32044384667114
118.301;200.03113367174282
118.368;200.15939086294415
118.403;200.11204013377926
118.437;200.06923076923076
118.472;200.26220735785952
118.505;200.23979933110368
118.543;200.10772290354657
118.611;199.91581040768975
118.677;199.88486285133763
118.717;199.97900440230273
118.784;200.03019121100303
118.822;200.1747735659175
118.864;200.15473362741773
118.931;200.42891075670173
119.03;200.7373907195696
119.097;200.85541358439812
119.167;200.87234770704995
119.234;201.13381245722107
119.272;200.9028062970568
119.307;200.92263513513512
119.341;200.73277027027027
119.408;200.76928351045595
119.446;201.1621528968118
119.483;201.2968803565307
119.519;200.94951194883876
119.594;200.98922921575226
119.672;201.1441226575809
119.74;201.16047700170358
119.774;200.838004101162
119.842;200.87252221462748
119.877;201.1930422919509
119.945;200.51671214188266
120.012;200.42169491525425
120.119;200.5084745762712
120.195;200.37589376915219
120.246;200.62410623084781
120.285;200.70888661899897
120.351;200.70360205831903
120.387;201.05694682675815
120.422;200.40913705583756
120.461;200.50186125211505
120.529;200.03254847645428
120.597;199.9548060708263
120.672;199.8370994940978
120.737;199.84856661045532
120.807;199.59055118110237
120.874;199.79185210544335
120.907;200.06469186244468
120.974;199.78617637044604
121.008;199.31473290234774
121.075;199.42803674719292
121.109;199.39112627986347
121.176;199.1324232081911
121.259;199.0027036160865
121.297;198.97803311929707
121.334;199.01135604542418
121.372;198.84468937875752
121.439;198.85370741482967
121.473;199.05502717391303
121.55;199.3444293478261
121.586;199.34646464646465
121.624;199.17104377104377
121.692;199.22828282828283
121.76;198.66756848156916
121.796;198.6293540750761
121.864;198.3072758037225
121.931;198.4947546531303
121.967;198.25779132791328
122.033;198.39837398373984
122.1;198.46166892808685
122.167;198.60719131614653
122.204;198.828697421981
122.271;198.97094017094017
122.304;198.96239316239317
122.354;198.8642735042735
122.389;198.69908194491668
122.455;198.40496429785787
122.489;198.57402330363263
122.525;198.41912268677177
122.565;198.28483396097226
122.64;198.14755220814789
122.709;198.45335176226675
122.775;198.24222529371113
122.81;198.2049603858078
122.845;198.37306234929383
122.913;198.44712366517396
122.988;198.38188034188033
123.027;198.39008547008547
123.094;198.19468415602347
123.128;197.91542975491888
123.165;197.9327615780446
123.2;197.92761578044596
123.245;197.90600343053174
123.286;197.91386910817226
123.353;197.5615462868769
123.387;197.91615120274915
123.453;197.97388316151202
123.491;198.12233676975944
123.557;197.7251882272416
123.625;197.89527720739218
123.694;198.10495323865604
123.728;198.10495323865604
123.795;198.27467959819882
123.83;197.9858766792973
123.902;197.73200137788496
123.941;198.06271536871122
124.025;198.30289455547899
124.125;198.2379799377378
124.23;198.2428225527499
124.318;198.8450363196126
124.397;199.00968523002422
124.464;199.19093739190592
124.532;198.9482044198895
124.599;198.5517955801105
124.72;198.22410220994476
124.808;198.38812154696132
124.891;198.42289239204936
124.959;198.52912954078135
124.997;198.54420836189172
125.031;198.84962661235573
125.067;198.95010183299388
125.134;198.61365164761264
125.204;198.57464694014794
125.283;198.47424087342205
125.349;198.4895057549086
125.388;198.6144211238998
125.427;198.65342837746095
125.499;198.8757637474542
125.585;198.8998642226748
125.627;199.04359490274985
125.697;198.8336686787391
125.731;199.23176111299628
125.797;199.33016627078385
125.834;199.25929682217713
125.871;199.36916835699796
125.938;198.9655760054533
125.974;199.0344239945467
126.02;198.68760497144777
126.092;198.97010413167618
126.159;198.99053414469236
126.247;199.32792427315755
126.315;199.71974306964165
126.381;199.90903032322558
126.42;199.87537487504164
126.521;199.9796885578876
126.615;199.239336492891
126.679;199.10428619642255
126.722;199.25379682753965
126.792;199.21961982348947
126.831;199.1093007467753
126.905;199.41122448979593
126.941;199.37244897959184
127.008;199.25748299319727
127.078;199.46185425932262
127.143;199.3537461512145
127.183;199.3585908939847
127.288;199.02995867768595
127.355;198.72830578512398
127.39;198.52319674906875
127.458;198.5011852353539
127.524;199.16787065703474
127.56;199.0546955624355
127.641;199.0802894555479
127.709;199.0957960027567
127.748;199.17600550017187
127.786;198.9346854589206
127.854;198.9867166212534
127.907;198.87193460490462
127.966;199.09931506849315
128.01;199.00753424657535
128.078;198.67087743257085
128.144;198.52714236940935
128.21;198.76011061182163
128.246;198.51469063256135
128.287;198.6790378006873
128.322;198.44810996563575
128.357;198.63298969072164
128.423;198.50309278350517
128.49;198.77592785293098
128.558;198.92091571279917
128.602;198.82030981067126
128.671;199.10877796901894
128.737;199.37186963979417
128.773;199.36843910806175
128.84;199.04006791171477
128.876;198.96876061120543
128.951;198.76676881171264
129.029;199.15764385427306
129.097;199.32516172965612
129.131;199.31645569620252
129.198;199.60485802257955
129.231;199.41669517618885
129.299;198.99105607155144
129.367;199.3766769865841
129.407;199.70525224602625
129.477;199.83068417415342
129.544;199.55601803676726
129.611;199.10926118626432
129.649;199.06058543226686
129.686;199.1364874063989
129.752;199.07465753424657
129.789;199.0972602739726
129.89;199.53413793103448
129.957;199.61827586206897
130.024;199.42268392370573
130.092;199.45367847411444
130.13;199.6692779291553
130.169;199.16077498300476
130.237;198.7522093813732
130.304;198.9572301425662
130.371;198.87406653088934
130.408;199.41499148211244
130.473;199.21737649063033
130.513;199.33153092260898
130.552;199.4021628928692
130.593;199.55457924974652
130.66;199.44352900789565
130.727;199.53759011328526
130.76;199.68005492619292
130.827;199.17448979591836
130.892;198.82891156462586
130.934;198.95908625980226
131.002;199.04091374019774
131.07;199.0325865580448
131.107;198.9110658520027
131.174;199.48815653964985
131.213;199.68005492619292
131.28;199.23659198913782
131.317;199.34962661235573
131.393;199.39613034623218
131.428;199.5525331519891
131.494;199.3107786467188
131.529;199.12682760965657
131.596;198.86789869952088
131.633;199.07905544147843
131.7;199.21827586206896
131.766;199.05724137931034
131.803;198.8259979529171
131.841;198.9583759808939
131.882;198.84919822586147
131.95;199.22225981055482
132.016;198.9851150202977
132.084;199.1965811965812
132.151;198.8157264957265
132.217;198.5001712915382
132.284;198.75436793422404
132.356;198.67968482356972
132.423;197.93076398362894
132.491;197.88676671214188
132.53;198.52129888268158
132.597;198.92108938547486
132.639;198.77999312478514
132.707;198.70574080440014
132.773;198.80506155950752
132.816;198.5297537619699
132.882;198.01675786593708
132.923;197.89140116478245
132.991;197.9979445015416
133.029;198.17952218430034
133.068;198.09556313993173
133.135;197.97815699658702
133.175;197.9737387698687
133.211;198.11782999308915
133.258;197.95438838977194
133.33;197.99828060522697
133.382;198.0863136176066
133.421;198.30777166437414
133.488;198.01278065630396
133.522;197.84559585492227
133.589;198.09803921568627
133.629;198.01410388716891
133.699;197.8000687049124
133.778;197.69323256612847
133.847;197.74244505494505
133.881;197.82692307692307
133.947;198.06112637362637
133.99;198.25442554668518
134.026;198.1499479347449
134.064;198.09684137452274
134.103;198.22572898799314
134.184;198.53825042881647
134.225;197.90799862684517
134.293;197.55063508410572
134.332;197.62924819773428
134.399;197.71252144082334
134.467;197.92756122800967
134.504;197.8913418420145
134.57;198.12074947952811
134.604;198.0673143650243
134.672;198.26821651630812
134.706;198.49338900487126
134.771;198.7160751565762
134.842;198.00408441116406
134.92;198.215793056501
134.955;198.21497252747253
134.991;198.23729395604394
135.059;197.686109238031
135.096;197.84153742414026
135.163;198.29403701165182
135.198;197.90335846470185
135.265;197.7073834637632
135.302;197.90949302483838
135.389;198.1898604967676
135.456;198.5725111953152
135.493;198.83499827764382
135.559;198.8237870619946
135.593;198.47304582210242
135.66;198.3302752293578
135.727;198.17533129459736
135.766;198.41520467836258
135.821;198.42174062607498
135.869;198.5344474761255
135.937;198.50716234652114
135.973;198.81883808869028
136.039;198.96562392574768
136.105;198.71983499484358
136.142;198.74596081127535
136.181;198.61970877074162
136.214;198.94277006434135
136.281;198.4029142663504
136.356;198.33446289393427
136.39;198.47671232876712
136.427;198.70856164383562
136.498;198.5722602739726
136.53;198.6103896103896
136.568;198.45967190704033
136.636;199.00753682768072
136.67;199.00753682768072
136.736;198.70092497430628
136.769;198.74632478632478
136.837;198.54837606837606
136.879;198.78006872852234
136.963;198.48350515463918
136.997;198.42536790469518
137.032;198.43587946741417
137.1;198.3143547273982
137.138;198.38267770876467
137.175;198.28985507246378
137.207;198.4363510232397
137.291;198.545612209504
137.346;198.5731622746186
137.384;198.74271844660194
137.452;198.84466019417476
137.489;198.74074074074073
137.556;198.5368639667705
137.596;198.65493443754315
137.632;198.14044168391993
137.705;198.17440660474716
137.825;198.37151702786377
137.86;198.18898450946645
137.927;197.99552495697074
137.961;198.09972583961618
138.027;198.42220699108978
138.068;198.64566929133858
138.109;198.23690516946252
138.181;198.2793563847997
138.248;198.31986301369864
138.317;198.11198630136985
138.355;197.957461406518
138.422;198.11114922813036
138.461;198.34989648033127
138.5;198.22532781228432
138.567;198.03489565514883
138.604;198.25795415668833
138.674;198.417037290455
138.754;198.67036011080333
138.821;198.6849030470914
138.859;198.53984132459468
138.897;198.66436702311142
138.937;198.9644705070714
139.038;198.64746464298034
139.105;198.42400275103165
139.143;198.66678129298487
139.21;198.88823325234293
139.288;199.09996528982992
139.358;199.05730258560448
139.396;199.14989517819706
139.463;199.45029239766083
139.53;199.3498452012384
139.567;199.5893536121673
139.634;199.52540615278258
139.676;199.737439779766
139.742;199.50378527185134
139.791;199.46558843771507
139.827;199.29938059187887
139.893;199.6630472854641
139.961;199.52574430823117
139.996;199.73799582463465
140.064;199.56680584551148
140.101;199.19707010812695
140.211;199.89477351916375
140.278;200.17142857142858
140.346;200.4470588235294
140.413;200.4134948096886
140.454;200.02462712452308
140.522;199.81616371834895
140.56;200.08012486992715
140.627;200.3418596612513
140.695;200.24438299343242
140.728;200.3245492371706
140.797;200.42094313453538
140.863;200.47262647262647
140.904;200.80769230769232
140.97;200.63252595155708
141.005;200.6847750865052
141.074;200.95328719723184
141.109;200.28714236470182
141.176;200.39089968976216
141.219;200.62020905923345
141.285;200.83414634146342
141.32;200.8885017421603
141.388;200.86687741482262
141.455;200.8872497365648
141.522;201.02153525529698
141.59;201.22424030736988
141.691;201.0266620498615
141.759;200.78912742382272
141.798;200.53704986149583
141.834;200.19944405837387
141.911;200.15184155663655
141.948;200.26233495482975
141.981;200.42005610098175
142.048;200.27664796633943
142.133;200.6573943661972
142.2;200.5119718309859
142.238;200.2581881533101
142.306;200.42299651567944
142.356;200.69424964936886
142.423;200.2710378681627
142.49;199.7192118226601
142.56;199.6118930330753
142.627;199.97175732217573
142.695;199.92329149232916
142.738;199.88457502623294
142.774;199.98111227701995
142.808;199.98111227701995
142.847;199.8387548093739
142.928;200.35393258426967
142.993;200.2943213296399
143.061;200.57306094182826
143.128;200.3141250878426
143.161;200.03513703443429
143.229;199.79289732770746
143.267;199.8087201125176
143.356;200.11033762617473
143.422;200.2140619561434
143.463;200.4635785007072
143.531;200.2036775106082
143.598;200.32380620425235
143.635;200.45102823283375
143.671;200.3945625653538
143.738;200.46205200281096
143.804;199.88088545326775
143.845;199.70878543927196
143.885;199.36261813090655
143.95;199.94725738396625
144.017;200.03902953586498
144.084;200.0703977472721
144.117;200.10982048574445
144.185;200.17480809490579
144.254;200.41277041172367
144.321;200.44556873691556
144.356;200.91968727789623
144.423;201.0181236673774
144.492;201.04959549771368
144.529;201.05029897995075
144.57;201.03824561403508
144.607;200.86035087719299
144.681;200.63364945556725
144.716;200.78433438707413
144.751;200.7049525816649
144.817;200.90671378091872
144.854;201.13250883392226
144.921;201.3500702247191
144.96;201.3114466292135
144.998;201.42029494382024
145.071;201.75237091675447
145.145;201.81067790656832
145.183;201.91255683805525
145.22;201.89576775096188
145.254;201.78349073102484
145.294;201.77173144876326
145.361;201.87279151943463
145.395;201.60750613819712
145.433;201.75341985268327
145.499;201.92655367231637
145.532;201.77507062146893
145.573;201.58968926553672
145.639;201.77583187390542
145.673;202.22416812609458
145.741;202.10993283845883
145.778;202.12548603746907
145.844;202.36341463414635
145.878;202.1184668989547
145.944;201.8082575227432
145.983;201.87543736878936
146.021;201.64940517844647
146.055;201.74002799160252
146.093;201.9296022527279
146.13;202.259767687434
146.164;201.9947201689546
146.233;201.88057103064068
146.284;201.9784122562674
146.349;202.15036547163243
146.416;202.1458405847546
146.455;201.81447963800906
146.493;201.8660839160839
146.53;201.66608391608392
146.596;201.6882801664355
146.663;201.66643550624133
146.697;201.43478260869566
146.735;201.46549344375433
146.82;201.41208981001728
146.858;201.2183074265976
146.924;201.5535590877678
146.963;201.59295093296475
147.006;201.83691440648116
147.046;201.6333215921099
147.113;201.9365973934484
147.154;201.9379165205191
147.187;201.72150122763944
147.225;201.65029814100316
147.295;200.76947148817803
147.358;200.8431849791377
147.398;200.8223226703755
147.459;200.76398601398603
147.539;200.91637508747377
147.606;201.00944716585025
147.64;200.7792665726375
147.681;201.0200987306065
147.723;201.07183297947628
147.767;201.09907997169142
147.805;201.16348195329087
147.872;201.14791224345365
147.906;200.86898954703832
147.945;200.52578397212542
148.013;200.4767238361918
148.079;200.54357717885895
148.145;200.79150442477876
148.18;200.7221238938053
148.217;200.66902654867258
148.25;199.94621026894865
148.286;199.7307020607754
148.354;199.86413234776487
148.391;200.33474128827876
148.426;200.32840549102428
148.467;200.5003523608175
148.504;200.63178294573643
148.574;200.58738548273433
148.614;200.2357293868922
148.67;199.69516857838025
148.737;199.61313868613138
148.773;200.06571627260084
148.84;200.028859527121
148.877;200.1079086115993
148.915;200.07662565905096
148.95;200.21300527240774
149.017;200.06876090750436
149.051;200.13787085514835
149.087;200.33193717277487
149.122;199.91605966007631
149.17;200.23829344432883
149.246;200.21652719665272
149.282;200.3057880055788
149.319;200.15097629009762
149.357;199.8852859135286
149.392;199.96218487394958
149.43;200.02871148459383
149.468;200.26225490196077
149.503;200.23128295254833
149.578;200.42014134275618
149.645;200.34063604240282
149.68;200.5812085225288
149.722;200.6814530213063
149.8;200.443630017452
149.867;200.72321116928447
149.905;200.96830985915494
149.943;201.2193661971831
149.98;200.82183098591548
150.015;200.8450704225352
150.083;200.2812718378756
150.15;200.21453529000698
150.185;200.4503657262278
150.225;200.18773946360153
150.306;200.90161064425772
150.376;201.0808823529412
150.411;201.10745537276864
150.448;201.19810990549527
150.516;200.63623741756334
150.551;200.8785144047206
150.619;200.91403812824956
150.653;201.16117850953205
150.69;200.65199306759098
150.759;200.36533795493935
150.831;200.25649913344887
150.899;200.6073407202216
150.937;200.8902354570637
151.005;200.3491349480969
151.387;200.9547983310153
151.493;200.45400696864112
151.607;201.06655052264807
151.674;200.8471403812825
151.74;201.09532062391682
151.807;201.32579185520362
151.846;201.45701357466064
151.919;201.69811977715878
151.959;201.4616991643454
152.027;201.34697446659672
152.064;201.04686953480237
152.129;200.70163251128864
152.196;200.76276484890587
152.23;200.74763406940062
152.269;200.73326323168595
152.337;200.61423090338332
152.414;200.5298221137077
152.472;200.7209705372617
152.543;200.74592720970537
152.611;200.9291942797349
152.649;200.83222881060343
152.686;200.8510189739986
152.753;200.6194659170766
152.786;200.4061181434599
152.857;200.24648382559775
152.926;199.9191637630662
152.967;199.96829268292683
153.034;199.44893691181596
153.072;199.6524921575462
153.111;199.95189961659113
153.179;200.21463585434174
153.216;200.10434173669466
153.283;200.3045138888889
153.32;200.62430555555557
153.387;200.64004259850904
153.466;200.0876819311324
153.508;199.98095238095237
153.575;199.98800705467372
153.614;200.23686079545453
153.647;200.2784090909091
153.687;200.3544034090909
153.72;200.04654442877293
153.787;200.11600846262343
153.822;200.2503526093089
153.889;200.24347212420608
153.924;200.2635850388144
153.962;200.05565278263913
154.053;200.0210010500525
154.089;199.99614980749038
154.191;199.61463073153658
154.224;199.5124692658939
154.325;199.39550403933964
154.393;199.35281980742778
154.427;199.10557083906465
154.463;199.44984488107548
154.498;199.4084798345398
154.566;199.71182350913477
154.633;199.7447030218826
154.673;199.655088572421
154.714;199.86962552011096
154.822;199.98435326842838
154.861;200.12656467315716
154.896;200.02121001390822
154.929;199.27404343329886
154.996;199.09031368493623
155.064;199.77192374350088
155.106;199.6315424610052
155.145;199.5262615859938
155.183;199.43288705801578
155.222;199.55956059045658
155.26;199.7380707174734
155.298;199.6958462066598
155.333;200.28980446927375
155.401;200.5572625698324
155.44;200.6409454292666
155.507;200.52589502954467
155.542;200.56482446993397
155.576;200.5980460572226
155.642;200.4815073272854
155.676;200.33181019332162
155.712;200.3145869947276
155.753;200.0465034965035
155.789;200.08636363636364
155.856;200.2935427574171
155.891;200.13996509598604
155.958;200.43804537521814
155.997;200.54589877835951
156.047;200.78890059711978
156.124;200.61041229909154
156.191;200.61006289308176
156.225;200.46381350034795
156.262;200.77835768963118
156.318;200.68393234672305
156.354;200.20507399577167
156.421;199.91955229101083
156.454;199.8635886673662
156.521;200.55252246026262
156.556;200.57394609536973
156.628;200.771596406358
156.666;201.00213751335946
156.734;200.9077306733167
156.801;200.37675694206376
156.836;200.43606444977718
156.903;200.86354166666666
156.94;200.99270833333333
156.983;200.94432846207377
157.058;200.62560890744606
157.092;200.19852424455377
157.13;200.0924104005622
157.202;200.72844827586206
157.241;200.56070402298852
157.28;200.5625
157.349;200.214846538187
157.416;200.32369735902927
157.453;200.5296852646638
157.489;200.45779685264665
157.526;200.47925608011445
157.56;200.39950547509713
157.598;200.39950547509713
157.633;200.40162486753798
157.676;200.07170611091487
157.715;199.87931648273408
157.752;199.47881808472766
157.819;199.66457898399443
157.888;199.71816283924844
157.922;199.86239495798318
157.956;199.7608543417367
157.99;199.97408963585434
158.026;199.9296218487395
158.093;199.87794583186775
158.131;199.98593035525852
158.21;199.77277523742526
158.245;199.72323303009097
158.283;199.72498250524842
158.318;199.47690692792162
158.353;199.46054469273744
158.391;199.08659217877096
158.457;199.30877192982456
158.494;199.3122807017544
158.531;199.10541012216405
158.57;199.06806282722513
158.654;199.34834205933683
158.688;199.4199164345404
158.755;199.55536211699163
158.821;199.5550139275766
158.856;199.4289241622575
158.923;199.6779541446208
158.957;199.1991495393338
159.024;198.80970942593905
159.064;199.11868053065615
159.132;199.09178917174614
159.191;198.47299682315565
159.259;197.97211436639606
159.294;198.12072008471586
159.328;198.23446327683615
159.395;198.6334745762712
159.428;198.66886269070736
159.469;198.64459084604715
159.506;198.65117891816922
159.577;198.7766990291262
159.622;199.0485674353599
159.69;198.7438853948288
159.723;198.62092862092862
159.791;198.36867636867638
159.824;198.50892544627231
159.861;198.42982149107456
159.901;198.48540274358072
159.968;198.66373549067887
160.038;198.78071702053603
160.076;198.8952314653672
160.152;198.76853463278803
160.186;199.03092425295344
160.253;199.06462821403753
160.294;199.2027027027027
160.361;199.4106029106029
160.396;199.31276150627616
160.432;199.1063458856346
160.499;199.04940848990952
160.566;199.22268615170495
160.611;199.28637005649716
160.648;199.33686440677965
160.716;199.41242937853107
160.749;199.2093837535014
160.817;199.71603641456582
160.857;199.8063725490196
160.925;200.0171568627451
161.005;199.98986013986013
161.044;199.95839160839162
161.11;200.40459363957598
161.15;200.3512367491166
161.188;200.0632823365786
161.254;199.82753824756605
161.291;199.8835568101623
161.373;200.14326040931545
161.411;200.1292469352014
161.478;200.19369527145358
161.545;200.56564589933123
161.612;200.27560718057023
161.648;200.44739601537924
161.69;200.395316322964
161.756;200.37376237623764
161.823;200.27475247524754
161.858;200.1506610995129
161.925;199.92727905358385
161.992;199.61109173351934
162.026;199.4366934077433
162.062;199.3477502615975
162.096;199.45587722357865
162.164;199.73776839141146
162.198;199.84301302358324
162.24;199.6079048618398
162.278;199.57117873382302
162.345;199.80937390696047
162.385;200.1069271758437
162.422;200.13392539964477
162.488;200.20674955595027
162.556;200.047836792121
162.593;200.13823425958495
162.634;200.01190476190476
162.7;199.67261904761904
162.735;199.56221521205748
162.803;199.602523659306
162.878;199.3326359832636
162.921;199.59239888423988
162.977;199.6555360281195
163.013;199.58594024604568
163.061;199.65096660808436
163.128;199.55676625659052
163.161;199.7379773691655
163.234;199.68988684582743
163.266;199.6319468717232
163.302;200.0534778049633
163.369;200.1699232379623
163.444;200.11165903487142
163.486;199.88834096512858
163.557;199.7310592459605
163.595;199.86140035906644
163.629;199.83195691202872
163.669;199.71301247771837
163.746;199.7921568627451
163.82;200.13697657913414
163.886;199.74378992193044
163.953;199.78117229129663
164.021;199.81362653208365
164.057;199.90266762797404
164.124;199.83462897526502
164.198;199.9809187279152
164.234;199.53851590106007
164.268;199.65335689045938
164.303;199.74624194702935
164.351;199.6370794559771
164.418;199.49928774928776
164.476;199.76068376068375
164.52;199.75213675213675
164.56;199.91988555078683
164.629;199.76716738197425
164.664;199.82597952700317
164.699;199.80056477232617
164.733;199.74126367807978
164.799;200.3475763016158
164.849;200.19461400359066
164.935;200.0495867768595
165.001;199.5646521433591
165.042;199.6514406184118
165.109;199.5277280858676
165.148;199.70554561717353
165.234;199.60881934566146
165.27;199.60490753911807
165.34;199.89112468559108
165.405;199.78512396694214
165.446;199.60835133189346
165.512;200.15334773218143
165.545;199.75420168067228
165.583;199.9187675070028
165.653;199.64459316660796
165.72;199.44029587883057
165.761;199.33566678333918
165.799;199.4697234861743
165.865;199.60938046902345
165.933;199.62842287694974
166.012;199.73344887348352
166.05;199.50401116149285
166.116;199.63376351587024
166.183;199.7098121085595
166.249;199.73799582463465
166.29;199.80829557337051
166.357;199.21714883234577
166.427;199.01598011363637
166.474;198.65305397727272
166.551;198.73117897727272
166.619;198.74796460176992
166.652;198.9408849557522
166.719;198.97805309734514
166.785;198.85212765957448
166.853;198.81241134751772
166.954;198.84121976866456
167.021;198.70732562215213
167.088;198.52095170454547
167.155;198.42116477272728
167.193;198.0711781206171
167.26;198.15603085553997
167.294;198.38564863909508
167.333;198.3852951572994
167.402;198.3984539704849
167.469;198.31307097680957
167.512;198.35137034434294
167.578;198.56074438202248
167.616;198.3802668539326
167.683;198.2216748768473
167.725;197.90992258972554
167.815;197.7042597765363
167.855;197.8086592178771
167.89;197.70997191011236
167.957;198.02528089887642
167.994;197.6861646234676
168.032;198.01471103327495
168.066;198.03747810858144
168.105;197.89733707077787
168.171;197.93693062368607
168.213;197.9698668535389
168.279;197.98844537815125
168.346;198.12061711079943
168.414;197.94039270687236
168.452;197.77515614156835
168.519;197.61554476058294
168.586;197.89606243348706
168.623;197.8002837885775
168.689;197.845288326301
168.723;197.9929676511955
168.789;197.92644483362523
168.823;198.0966725043783
168.894;198.4132581100141
168.96;198.52574047954866
169.032;198.62723762723763
169.099;198.9266409266409
169.138;198.63611014290694
169.206;198.57162774485883
169.276;198.77532883043014
169.343;198.88268752221828
169.382;198.90484675694938
169.45;199.176051318603
169.521;199.34248039914468
169.57;199.14041339985744
169.644;199.22095509622238
169.711;199.5024946543122
169.745;199.14622810153736
169.779;199.04933857704683
169.858;198.97895112379592
169.926;198.9621833749554
169.964;199.09182209469154
170.035;198.808106169297
170.075;198.4549062049062
170.153;198.10966810966812
170.194;198.23433048433048
170.261;198.88675213675214
170.294;198.9734136830911
170.364;199.05033676001418
170.431;199.26231832683445
170.467;198.73036465638148
170.534;198.4382889200561
170.569;198.69085173501577
170.637;198.53522607781284
170.67;198.49689011748444
170.706;198.55217691776087
170.763;199.12768202602885
170.83;199.1347168483996
170.863;199.55264066275458
170.978;199.36702683861972
171.013;199.07912164517253
171.047;199.205646566748
171.081;199.03973509933775
171.116;198.6437303527768
171.185;198.25427872860635
171.263;198.5232273838631
171.3;198.5773663988823
171.337;198.32832692979392
171.372;198.64338364338366
171.409;198.85398385398386
171.476;199.2877046325322
171.511;199.11807732497388
171.554;199.09996442547137
171.622;199.5442902881537
171.697;199.41301222142343
171.765;199.40330697340042
171.81;198.92415528396836
171.847;198.57550158394932
171.881;198.55227032734953
171.948;198.64007220216607
171.982;198.64296028880867
172.02;198.56743362831858
172.088;198.60070796460178
172.158;198.40887766149405
172.243;198.5784915193071
172.276;198.64152966404575
172.314;198.77483917083632
172.381;198.7352625937835
172.416;198.60235798499465
172.482;198.0963270963271
172.517;197.95668745668746
172.552;198.00103950103951
172.62;198.03956582633054
172.656;198.03956582633054
172.754;197.9531029619182
172.793;198.212976022567
172.828;198.0623671155209
172.865;198.12225372076543
172.901;198.4149539333806
172.94;198.07902097902098
173.016;198.15
173.05;198.13084438241452
173.127;198.68387997208654
173.197;198.87473831123518
173.23;198.61951561951562
173.277;198.74376974376975
173.313;198.32888732888733
173.347;198.15717375630857
173.415;198.13576277241873
173.449;198.29546266523758
173.488;198.24723115398356
173.585;198.25522710886807
173.635;198.33993632826318
173.67;198.2568093385214
173.738;198.258029592205
173.806;198.51497654276434
173.872;198.2176220806794
173.91;198.05944798301485
173.975;198.4201141226819
174.016;198.66262482168332
174.087;198.39956803455723
174.17;198.15262778977683
174.237;198.19885139985644
174.272;198.14034458004306
174.306;198.20854271356785
174.34;198.2012195121951
174.408;198.0767575322812
174.442;198.51605995717344
174.479;198.27194860813705
174.548;198.47822983583154
174.615;198.85543478260868
174.683;198.9713768115942
174.749;198.85135611130679
174.783;198.94716449454032
174.817;199.1431064572426
174.855;198.9500872600349
174.943;198.37061479680443
175.009;198.73055360896987
175.044;198.63279607568325
175.11;198.8214161144053
175.144;198.86536449250087
175.178;199.10952214858736
175.212;199.29649309245482
175.247;199.32164364151612
175.281;199.3825479930192
175.347;199.34205933682372
175.39;199.05898876404495
175.426;199.14150280898878
175.492;199.5129892622099
175.527;199.45410460685832
175.561;199.53307932109456
175.596;199.4943382873319
175.632;199.3665958952583
175.664;199.1033880544883
175.698;198.96053091163117
175.732;198.9343346140412
175.766;198.56916177992412
175.8;198.69127285270784
175.855;198.8017513134851
175.889;198.79264448336252
175.924;198.76427320490367
175.99;198.98244382022472
176.025;199.10814606741573
176.059;199.3905429071804
176.094;199.3905429071804
176.129;199.13714486145213
176.164;199.0708523325149
176.23;199.00858811405016
176.264;199.1618000687049
176.298;199.0158021298523
176.332;198.90388619014573
176.367;198.36086051353226
176.404;198.3617313637925
176.484;198.35967021642048
176.517;198.88637168141594
176.551;198.69769911504426
176.618;198.65441941074522
176.685;198.79376083188907
176.719;198.96394485683987
176.753;199.0597384234712
176.825;198.9564447592068
176.86;198.81550991501416
176.924;198.9100566572238
176.958;199.27358490566039
177.036;198.31402331331685
177.071;198.39385376192158
177.109;198.02260685270224
177.15;198.25099027727765
177.186;198.44508462369464
177.224;198.26215340295283
177.259;197.84848484848484
177.292;198.10394644115576
177.327;198.37913848344607
177.361;198.4820220719117
177.395;198.51438848920864
177.432;198.80503597122302
177.5;198.77122302158273
177.536;198.67877697841726
177.57;198.57939609236234
177.605;198.40213143872114
177.671;198.24217638691323
177.705;198.50071123755333
177.739;198.0893814801573
177.772;198.10618519842689
177.805;197.98319628173041
177.838;197.808896797153
177.872;197.8747330960854
177.931;197.8224431818182
177.998;197.8259943181818
178.033;198.04228855721394
178.069;197.73951670220328
178.103;197.6005685856432
178.136;197.6030204962244
178.17;197.92736425746133
178.207;197.95145631067962
178.242;197.71110312612288
178.343;198.01545095220985
178.388;197.76369382022472
178.462;197.54178370786516
178.53;197.52560455192034
178.568;197.6009957325747
178.605;197.30769230769232
178.673;197.37272727272727
178.707;197.6633628318584
178.774;197.60884955752212
178.809;197.5787610619469
178.875;197.58295494236813
178.913;197.63744324135521
178.979;197.90982174065013
179.017;197.69521146452288
179.054;197.67495621716287
179.089;198.17723292469353
179.127;198.0276707530648
179.193;198.06088495575221
179.264;197.86088495575223
179.298;197.65905898876406
179.337;197.5744382022472
179.402;197.90332861189802
179.441;198.4199716713881
179.48;198.40262039660055
179.552;198.4250175192712
179.619;198.5427470217239
179.686;198.86948853615522
179.754;199.0222222222222
179.788;198.57122905027933
179.829;198.9427374301676
179.899;199.14864388869321
179.934;199.05142655864742
179.972;198.7175061641423
180.009;198.2809540512101