time;Pixel rightCheek
0;227.26052295918367
1.286;227.54869509866327
1.419;227.7288351368555
1.497;229.50740624015128
1.564;230.39974251689733
1.63;229.9054184033344
1.697;230.35904853744776
1.764;230.8413770913771
1.806;230.3886743886744
1.909;230.91564264363998
1.973;230.5792095649286
2.007;230.90540540540542
2.073;230.90969017798287
2.157;231.42328398384927
2.224;232.06349206349208
2.292;232.09093915343917
2.327;231.57674571805006
2.394;231.5602766798419
2.459;231.36351875808538
2.526;231.4404915912031
2.594;231.88816855753646
2.633;231.88816855753646
2.699;231.336939230035
2.735;231.33216671969456
2.801;231.68193632228719
2.898;231.84271844660194
2.969;231.79020752269778
3.007;231.97730220492866
3.075;231.62779552715654
3.162;231.9477977161501
3.229;232.00913539967374
3.264;231.78088803088804
3.333;231.68500643500644
3.377;232.4724695021431
3.444;232.41773821299043
3.512;232.31738118976403
3.581;232.38584247258225
3.648;233.0738768718802
3.685;233.09584026622295
3.718;233.0317301269205
3.753;232.88343353373415
3.788;232.81262525050101
3.855;232.91934948556255
3.958;233.0112844341188
4.025;233.1504483560279
4.092;232.6566622691293
4.159;232.7401055408971
4.25;226.80354159705982
4.289;226.8082191780822
4.327;226.25937800577108
4.395;225.97883937159347
4.434;225.65992167101828
4.501;225.6400130548303
4.569;225.97293772416043
4.636;226.44144437215354
4.702;226.2501626545218
4.742;226.31092985318108
4.819;226.30081566068515
4.857;226.39928640934156
4.925;226.41258514433994
4.992;226.3679948169744
5.058;226.14784859268846
5.145;225.6784212229052
5.186;225.69208400646204
5.221;226.04781906300485
5.289;226.71634615384616
5.355;226.98141025641024
5.397;227.0774214447684
5.465;226.54855472556025
5.501;226.59467359532314
5.572;226.9448564979039
5.643;227.10544985488553
5.677;226.16479280436877
5.714;226.0256986829425
5.781;225.7481529071635
5.848;224.36820083682008
5.914;224.16350177019632
5.992;224.34265279583875
6.057;224.16514954486345
6.125;225.4653401797176
6.191;225.1655969191271
6.23;224.87169568020633
6.296;223.77852998065765
6.377;224.24578469520102
6.444;223.65337224383916
6.511;224.8514211886305
6.544;224.79360465116278
6.61;226.0238171869971
6.644;226.25136787898293
6.682;226.10230179028133
6.748;226.17710997442455
6.817;226.0352408664727
6.85;226.0472033624313
6.937;225.8423498174577
6.97;225.84533687354795
7.012;225.99180327868854
7.079;225.3655737704918
7.114;225.07061503416855
7.153;224.57175398633257
7.254;224.3117474780345
7.321;224.8491492146597
7.389;225.16066753926702
7.424;227.0539101497504
7.459;227.47420965058237
7.497;227.06040268456377
7.567;227.88020134228188
7.611;227.84045775833053
7.647;228.2036351396836
7.714;227.4304658279497
7.757;227.567494049643
7.822;227.1858347386172
7.857;227.28971332209107
7.923;227.27626720375966
7.957;227.2749244712991
8.024;226.52039428959893
8.058;226.33786539768866
8.124;226.63801993812308
8.159;226.52389137160537
8.193;228.06867845993756
8.228;228.0284425945196
8.299;228.2153110047847
8.365;228.13260423786738
8.399;227.84285714285716
8.434;227.65880398671095
8.477;227.20697674418605
8.51;227.22823920265782
8.552;227.33443489755453
8.632;227.43456708526108
8.682;227.69627694317438
8.722;227.66231221423905
8.761;227.62442996742672
8.797;227.6485342019544
8.833;228.04332247557002
8.868;227.5490578297596
8.935;227.87589343729695
8.978;227.6688524590164
9.045;227.47147540983607
9.088;227.77344262295082
9.154;226.5546218487395
9.19;226.47996121525534
9.227;226.69586296056883
9.295;226.11143984220908
9.362;225.57968192145407
9.443;225.66437459070073
9.477;225.98919449901769
9.514;225.99770792403405
9.548;225.79927726675427
9.616;225.59296977660972
9.683;225.19124423963135
9.717;225.42988808426597
9.751;225.58829365079364
9.791;225.60119047619048
9.831;225.20800264550263
9.899;225.50065104166666
9.936;225.58072916666666
10.003;226.36063968668407
10.046;226.4640992167102
10.112;227.15608638743456
10.146;226.79744764397907
10.213;226.15846456692913
10.247;225.91961942257217
10.314;225.52145430723877
10.381;225.14051752374712
10.448;226.9778072209341
10.483;226.6972507452799
10.518;226.71381252070222
10.552;226.6773766147731
10.589;227.48250866687678
10.625;227.15127639457927
10.698;227.95799373040754
10.765;228.19968652037616
10.808;228.11203192142418
10.876;227.99048496009823
10.911;227.6606487148103
10.948;227.1670746634027
11.016;227.76036866359448
11.082;228.37285585314476
11.148;228.45741799578693
11.214;228.44263303598893
11.254;228.52107043986464
11.295;228.66810212242387
11.332;228.42426108374383
11.397;228.98860837438423
11.464;229.11631513647643
11.5;229.2521712158809
11.536;228.58312958435206
11.605;228.13081486106776
11.641;228.16890415235716
11.723;227.73072252580448
11.775;227.67607771706133
11.812;227.43746205221615
11.851;227.2707953855495
11.892;227.59727626459144
11.959;227.4257457846952
11.993;227.9920584498094
12.028;227.84212198221093
12.066;228.09458598726115
12.101;228.08407643312103
12.139;227.9576433121019
12.206;228.24240506329113
12.24;228.0629746835443
12.278;228.73801206732296
12.364;228.70657351540171
12.401;228.87259306803594
12.469;228.89152759948652
12.51;228.79075738125803
12.549;229.22953904045156
12.616;229.2593289432424
12.684;228.2878696439348
12.721;228.24170187085093
12.793;228.3001218769043
12.852;228.20536258379036
12.89;228.30911854103343
12.925;228.409726443769
12.992;228.25176110260338
13.027;228.4906584992343
13.092;228.43889058213958
13.131;228.42517525144774
13.198;228.4946662602865
13.251;228.62084730265164
13.288;228.59794437726723
13.355;228.55894800483676
13.388;228.41929611650485
13.422;228.25940533980582
13.458;228.27275485436894
13.492;228.0577804952614
13.526;228.08193213084684
13.581;228.33495440729484
13.648;228.4003039513678
13.685;228.55653495440728
13.72;228.5620616041476
13.754;228.56175663311984
13.788;228.2041066503218
13.822;228.2850137909899
13.857;228.35642047195833
13.924;228.4531490015361
13.958;228.45652841781873
14.033;228.30799755799757
14.085;228.33760683760684
14.119;228.6354453627181
14.155;228.6216712580349
14.191;228.57973676155495
14.224;228.18060200668896
14.261;228.2298570994223
14.296;228.1897233201581
14.33;228.42269938650307
14.397;228.56196319018406
14.432;228.62269938650306
14.474;228.54776484996938
14.541;228.61114513165953
14.611;228.69289650949173
14.656;228.06752608962555
14.691;228.06752608962555
14.728;228.17034990791896
14.762;228.42778457772337
14.803;228.56609547123622
14.837;228.44308445532437
14.871;228.38485127261575
14.949;228.67123287671234
15.015;228.4467621419676
15.052;227.926949048496
15.091;227.8121546961326
15.157;228.01992528019926
15.191;228.11799501867995
15.293;228.174511002445
15.36;228.16687041564794
15.393;228.0582765034098
15.462;228.0984215413185
15.498;228.01918910554008
15.565;228.00622858922455
15.632;228.03737153534723
15.702;228.63026235509457
15.737;228.67937766931055
15.775;228.41449004975124
15.811;228.3740671641791
15.848;228.2646144278607
15.887;228.142723880597
15.944;228.12337465981253
15.996;228.2624735409737
16.036;228.71667191931925
16.071;228.8064922786007
16.136;228.19005491153143
16.176;228.3221476510067
16.243;229.02598206000619
16.31;228.1911231884058
16.345;228.23671497584542
16.38;228.55650842266462
16.454;228.58101071975497
16.524;228.42355813243822
16.558;228.3075984131828
16.593;228.24778761061947
16.633;228.28854961832062
16.669;228.28702290076336
16.736;228.4417609293794
16.773;228.30969122592478
16.85;228.3879815100154
16.886;228.44006163328197
16.954;228.22294172062905
17.021;228.372802960222
17.057;228.21167655323134
17.095;228.24102403996253
17.134;228.46706212925383
17.215;228.17563482466747
17.253;227.98428053204353
17.289;228.0406427221172
17.324;228.04977945809705
17.396;228.2177886079805
17.434;228.29850746268656
17.501;228.17274711568444
17.534;228.35827876520113
17.568;228.2503775294473
17.634;228.29779522802778
17.671;228.49652672908488
17.706;228.2371231155779
17.776;228.25879396984925
17.848;228.2858453072455
17.889;227.87832467135433
17.934;228.1164781412412
17.994;227.2862979258328
18.029;227.3686360779384
18.063;227.1180086047941
18.097;227.00952673632452
18.13;227.01813153042409
18.176;227.70857142857142
18.243;228.04444444444445
18.277;227.5922856232069
18.311;227.7711189034109
18.381;227.24680983504513
18.445;227.37441643323996
18.511;227.73849502487562
18.578;227.3641169154229
18.623;227.2084375
18.659;227.15375
18.7;227.013698630137
18.734;226.99408468244084
18.8;227.1759088108441
18.835;227.15003080714726
18.871;227.31823783117684
18.941;227.22789968652037
19.008;227.23110555902562
19.043;227.3472829481574
19.077;227.20362273579013
19.145;227.03834164588528
19.183;226.62188279301745
19.25;226.67581047381546
19.283;226.53522443890273
19.351;226.75038952944843
19.421;226.71798067933935
19.456;226.87085678549093
19.493;226.60694183864916
19.56;227.00093341630367
19.593;227.01866832607342
19.659;227.00775434243175
19.695;226.8846153846154
19.762;227.18331265508684
19.804;226.9615739317553
19.84;226.7636028281586
19.907;226.4733910891089
19.94;226.2970297029703
19.978;226.40996884735202
20.045;226.58660436137072
20.113;226.4589552238806
20.195;226.33271375464685
20.233;226.33271375464685
20.271;226.64745972738538
20.305;226.3522656734947
20.338;226.37523277467412
20.377;226.39633767846058
20.444;226.50853242320818
20.484;226.37480608129073
20.522;226.40746500777604
20.59;226.2099533437014
20.639;226.05364341085271
20.677;226.2967441860465
20.713;226.25147286821706
20.748;226.2404945904173
20.782;226.341885625966
20.82;226.48346213292118
20.856;226.211669770329
20.901;226.1415270018622
20.939;226.1139044072005
21.02;226.25935162094763
21.083;226.32263092269326
21.122;226.46851620947632
21.16;226.36123210952084
21.198;226.2125077784692
21.265;225.96568778979906
21.299;226.12828438948995
21.333;226.1915291186546
21.367;226.2180006228589
21.434;226.32364885973132
21.508;226.34301780693534
21.545;226.39112777257108
21.58;226.05434782608697
21.617;226.0164596273292
21.657;226.13241723922548
21.693;226.13241723922548
21.739;226.28607120549657
21.794;226.45034353529044
21.827;226.52337905236908
21.866;226.56795511221947
21.932;226.11545623836128
21.967;226.45251396648044
22.009;226.21093507300404
22.045;226.39453246349797
22.086;226.31655793724758
22.123;226.60679763018396
22.158;226.6208294356096
22.224;226.46546359676415
22.257;226.60983198506534
22.343;226.20833333333334
22.41;226.06312189054725
22.449;226.21610696517413
22.482;226.59743107769424
22.518;226.76817042606515
22.558;226.91077599748664
22.595;226.8545397423814
22.662;226.41858994625355
22.697;226.30856781536517
22.734;226.535792435136
22.77;226.56986558299468
22.886;226.7865796831314
22.953;227.14445479962723
22.987;227.10003125976868
23.021;227.30634573304158
23.059;227.20819005939356
23.122;227.00655226209048
23.156;227.29266770670827
23.194;226.99534161490683
23.234;226.9888198757764
23.301;227.25796377264209
23.336;227.26577139287946
23.404;227.17230673703818
23.443;227.14529649177274
23.483;226.87659707073854
23.583;227.08538485509504
23.649;227.00311041990668
23.717;226.9632970451011
23.767;226.99440124416796
23.799;226.84546299163827
23.837;226.979560235367
23.904;227.26670830730794
23.94;227.4737663960025
24.017;227.6317926296065
24.051;227.67412239826032
24.119;219.9078825347759
24.153;219.82040185471408
24.22;219.8727498448169
24.254;220.00434512725016
24.321;220.3187909005921
24.388;220.70271112496104
24.425;220.9884699283266
24.458;220.786838790932
24.494;220.8853904282116
24.529;220.87153652392948
24.563;220.66015748031495
24.629;220.77669291338583
24.667;220.97070866141732
24.734;220.47424623115577
24.768;220.23586683417085
24.808;220.14348508634222
24.852;220.09513343799057
24.919;220.08533077660596
24.954;220.23266219239375
25.02;220.52254809208452
25.055;220.5102491327657
25.122;220.63418479974771
25.156;220.7813095994914
25.196;220.7269548633185
25.27;220.5246777742848
25.337;220.69820811065702
25.372;220.65586662472475
25.412;220.4441648317081
25.45;220.34642968506392
25.484;220.35578422201434
25.516;220.1902089179919
25.589;220.53308364544318
25.655;220.5177902621723
25.724;220.244499535172
25.769;220.2714595599628
25.808;220.0808800743725
25.842;220.2983114446529
25.903;220.4718574108818
25.972;220.59687010954616
26.038;220.75547902316845
26.072;220.4455228553538
26.109;220.2316844082655
26.148;220.120803263257
26.186;219.90178851584562
26.252;220.34215442092153
26.287;220.34215442092153
26.352;220.61600247142417
26.388;220.61940067964164
26.422;220.35928328699413
26.489;220.10783380907074
26.556;220.11259118300032
26.589;220.31057268722466
26.656;220.29641283826305
26.691;220.40427538509903
26.726;220.51021691292047
26.762;220.13329141779315
26.795;219.97414064963735
26.83;219.86912645853045
26.931;220.52107279693487
26.966;220.4537037037037
27;220.27492063492065
27.034;220.27174603174603
27.121;220.16761904761904
27.159;220.67755363432596
27.196;220.4694204290746
27.232;220.41178354146655
27.266;220.36401406200065
27.333;220.34036433365293
27.401;220.54905114184626
27.439;220.67577999356706
27.476;220.4179340937896
27.544;220.10551330798478
27.577;220.19683768957728
27.616;220.1464988706034
27.654;219.7693032015066
27.721;219.81732580037664
27.763;219.95009416195856
27.831;220.15550547327751
27.899;220.10431423052157
27.932;219.66740157480314
28.008;219.7307086614173
28.042;219.8563779527559
28.076;220.22011983601388
28.111;220.321665089877
28.178;220.20466729738254
28.214;219.22381546134665
28.284;219.1864089775561
28.351;219.22364716922115
28.418;219.47544573037223
28.457;219.50641226149514
28.492;219.54950964884532
28.53;219.81081936096172
28.607;219.72445428661817
28.648;219.68744068332805
28.686;219.73442416614222
28.753;219.78508495909378
28.792;219.8360655737705
28.87;219.80706179066834
28.925;219.85414710485134
28.992;219.48137715179968
29.038;219.3608763693271
29.075;219.37570799244807
29.143;219.39553178099433
29.177;219.56765163297044
29.213;219.49113530326593
29.251;219.51191222570532
29.285;219.57366771159874
29.353;219.64984326018808
29.394;219.6720850265708
29.462;219.87339793685527
29.497;219.7636761487965
29.531;219.89303638644918
29.567;219.9598494353827
29.634;219.5868617683686
29.671;219.42590286425903
29.705;219.71895630304937
29.776;219.46714869537882
29.842;219.35354798374493
29.877;219.29603000937794
29.916;219.40347071583514
29.951;219.4828013634955
29.984;219.60024790827393
30.021;219.5890920359467
30.058;219.84716567491387
30.126;219.76792984653932
30.166;219.8002489110143
30.201;219.7579340385812
30.239;219.96670815183572
30.285;220.27594857322043
30.352;220.44967074317967
30.386;219.9098051539912
30.425;219.60622250157135
30.492;219.50896508335956
30.528;219.5243787354514
30.561;219.737039350406
30.596;219.91286695815114
30.679;219.87101811367896
30.782;219.97793660658795
30.817;219.93816034804226
30.851;219.5423148724331
30.891;219.67174859987554
30.959;219.5371875
30.992;219.5575
31.026;219.9308610936518
31.061;219.7649277184161
31.135;219.74207582349285
31.202;219.75046612802984
31.27;219.87913803872578
31.305;219.87913803872578
31.34;219.76514678326046
31.377;219.81792629606497
31.41;219.90507726269317
31.448;219.9435509303059
31.482;220.01316201817613
31.558;220.08649326230022
31.61;220.41264871634314
31.677;220.3052598622417
31.744;219.79460966542752
31.781;219.54956629491946
31.818;219.48410224438902
31.856;219.49158354114712
31.922;219.52115743621655
31.977;219.42314872433104
32.062;220.02176616915423
32.11;219.85509950248758
32.144;219.86162935323384
32.212;219.96715215370313
32.28;220.2707423580786
32.347;220.1718652526513
32.382;220.2120834630956
32.433;219.66552475864216
32.499;219.81234491315138
32.534;219.7267369727047
32.6;219.96831314072693
32.669;219.98757378067722
32.708;219.99068033550793
32.748;220.0326086956522
32.816;219.99627329192546
32.849;219.85474860335196
32.903;220.07572936064557
32.945;220.1086281812539
33.013;220.2195652173913
33.056;220.35652173913044
33.124;219.94316770186336
33.166;220.05057045945114
33.233;220.08603145235892
33.277;219.96674953387196
33.321;219.95680546923555
33.388;220.10441267868242
33.432;219.99750856431018
33.499;220.0716287760822
33.565;220.00622858922455
33.598;219.76456086286595
33.635;219.74884437596302
33.676;220.37911918694178
33.715;220.47828765013858
33.781;220.50506912442395
33.815;220.1932411674347
33.889;219.7860696517413
33.956;219.82182835820896
33.99;219.86748844375964
34.058;219.94915254237287
34.093;219.865551425031
34.159;219.92843866171003
34.193;220.03438661710038
34.227;219.60213414634146
34.293;219.74969512195122
34.381;220.2252781211372
34.449;220.2802843016069
34.516;219.67710918114145
34.55;219.6795905707196
34.617;219.30704225352113
34.654;219.62316118935837
34.687;220.1598272138229
34.721;220.03548287565567
34.816;220.1747421069084
34.881;220.368865270397
34.92;220.1155390793945
34.961;220.24034599938216
35.027;219.9665323830183
35.094;219.8170278637771
35.128;219.91052631578947
35.198;219.70525988173048
35.236;219.76719576719577
35.301;219.5816932208685
35.368;219.6819743830053
35.404;220.27435014093328
35.441;220.3398058252427
35.48;220.41465706232384
35.571;219.9302034428795
35.62;220.11111111111111
35.668;220.0043410852713
35.735;220.20279069767443
35.77;219.99372056514915
35.804;220.18963893249608
35.872;219.4361042183623
35.938;219.56527170518427
35.972;219.71455340412243
36.015;219.81230480949407
36.064;220.03238866396762
36.118;220.085020242915
36.183;220.12706322018062
36.216;219.6332179930796
36.252;219.99182132746148
36.29;220.1311680199875
36.324;220.28013741411618
36.391;219.6340478409444
36.426;219.08325566946257
36.493;219.4820867379007
36.563;219.92049025769956
36.601;220.0324427480916
36.669;220.10464376590332
36.702;220.44395186827106
36.737;220.36858771374287
36.771;220.36637112096264
36.806;220.28594046865103
36.842;220.56857776369972
36.943;220.5483053531834
37.01;220.4950995889978
37.044;220.54030983243757
37.078;220.38665823585205
37.112;220.2040503221847
37.153;220.11905492482356
37.22;220.2882911392405
37.288;220.271835443038
37.355;220.17652524001238
37.421;220.15701455558997
37.487;220.13957102890893
37.522;220.16288467516318
37.589;220.44482437053156
37.656;220.56154565285135
37.727;220.50077905889685
37.763;220.82449612403101
37.805;220.6787596899225
37.84;220.5537984496124
37.912;220.41028819336844
37.982;220.5887821506043
38.051;220.62689804772234
38.088;220.32206019236736
38.16;220.44585789636983
38.2;220.41870548157326
38.267;220.41963456178382
38.302;220.71803582458307
38.368;220.99536751080913
38.444;220.77918468190242
38.516;220.6281655342804
38.582;220.27450980392157
38.649;220.26859632741986
38.684;220.85862720403023
38.751;220.86964735516372
38.789;220.58971991381964
38.895;220.65004616805172
38.961;220.5335403726708
38.996;220.52577639751553
39.03;220.7524844720497
39.097;220.81144465290808
39.136;220.65603502188867
39.21;220.3236397748593
39.279;220.33850449891406
39.344;220.60641579272055
39.412;220.62091301665637
39.479;220.74011826953003
39.547;220.66137566137567
39.616;220.81123874573115
39.682;220.89335394126738
39.75;221.0731329408119
39.788;221.0412147505423
39.865;221.1518438177874
39.943;220.86281144263305
39.994;220.68286681021223
40.032;220.57292630280605
40.098;220.58156028368793
40.132;221.21931464174455
40.165;221.1146417445483
40.231;220.9312693498452
40.265;220.93529411764706
40.353;221.11694809255786
40.404;221.23608505315823
40.439;221.4573283858998
40.472;221.48577612863326
40.539;221.53834260977118
40.575;221.53834260977118
40.608;221.19075500770415
40.645;221.0758089368259
40.682;221.46706776440786
40.72;221.36700443318557
40.792;220.88208269525268
40.86;221.17519142419602
40.928;221.19019547005894
40.967;221.3130623642569
41.004;221.31368290412658
41.038;221.39454094292805
41.105;221.5083746898263
41.139;221.6819322459222
41.172;221.6819322459222
41.207;221.8086574654956
41.275;221.89402938418255
41.341;221.60446821900567
41.377;221.3259911894273
41.41;221.46507237256137
41.475;221.13143211407316
41.543;221.1615003099814
41.577;221.36196700902585
41.61;221.31248054777467
41.677;221.6677096370463
41.715;221.83416770963706
41.76;221.16578538102644
41.827;221.33219284603422
41.863;221.33219284603422
41.902;221.39471228615864
41.941;221.46314152410577
41.976;221.34230287859825
42.015;221.64924906132666
42.081;221.03063457330416
42.116;221.20318849640512
42.192;221.63715983734753
42.259;221.3855308487316
42.299;221.4181020983401
42.366;221.45519601742376
42.399;221.31580584940883
42.434;221.83338612606906
42.469;221.76021539436172
42.507;221.77668672790625
42.575;221.95671267252195
42.613;221.77478042659976
42.646;221.67799251870323
42.684;221.5149625935162
42.722;221.42082294264338
42.83;221.6751631955238
42.867;221.70096363071184
42.934;222.270562083201
42.97;222.08161321054303
43.011;221.9291241101826
43.048;222.0891364902507
43.086;221.89384091612504
43.123;221.78189172370878
43.191;221.72153080273802
43.296;221.43396226415095
43.333;221.26817197649243
43.401;221.54871469374802
43.437;221.60107902253253
43.503;221.3839753466872
43.54;221.54453004622496
43.574;221.05571293673276
43.635;220.71451054453888
43.702;221.23961262105593
43.768;221.261480787254
43.836;221.4548296342607
43.868;221.32822757111597
43.913;221.2250703344795
43.949;221.10065645514223
44.017;221.28657187993682
44.083;221.69595015576323
44.117;221.67476635514018
44.184;221.61920938851142
44.251;221.46170475602224
44.286;221.30071229482812
44.324;221.2932796531434
44.361;221.23010219882318
44.394;221.47164549116826
44.43;221.45770065075922
44.515;221.89196762141967
44.549;221.57627646326276
44.631;221.4834375
44.669;221.4390625
44.736;221.4639303482587
44.773;221.306592039801
44.84;221.10149439601494
44.877;221.10149439601494
44.916;220.7668730650155
45.018;220.97739938080494
45.084;221.247311827957
45.122;221.24792626728112
45.161;222.0952683391553
45.194;221.92029215624007
45.229;221.68751984757066
45.316;221.04011194029852
45.383;221.26726820161792
45.434;221.21064094586185
45.483;220.9026194144838
45.551;220.92727272727274
45.614;220.95212931302456
45.752;221.051976346094
45.785;221.22159975101152
45.818;221.02067263190372
45.853;221.13421783400184
45.897;221.17309472385065
45.994;221.14263517712865
46.04;220.93878185208203
46.14;221.15275639051433
46.208;220.9676624576532
46.28;221.03123086344152
46.348;221.06889161053277
46.387;221.6139798488665
46.454;221.62594458438286
46.529;221.09046304814473
46.596;221.06163753449863
46.636;221.1013953488372
46.678;221.18759689922481
46.722;221.02852713178294
46.792;221.44816786720952
46.893;221.6235515189477
46.929;221.14390467461044
46.967;221.04369080354414
47.033;220.6718796992481
47.117;220.75157894736842
47.162;221.49802851076737
47.201;221.37215650591446
47.269;221.2545509708738
47.302;221.2442354368932
47.336;221.11518642012732
47.371;220.951197332525
47.409;220.97423461655046
47.476;221.05577447711428
47.544;221.0944833892106
47.589;221.32642487046633
47.665;221.16550045634318
47.732;220.9077818627451
47.766;221.1825980392157
47.808;220.86320610687022
47.847;221.0824427480916
47.922;220.9576557226143
47.989;220.9601104633323
48.119;220.63669837373428
48.204;220.88899110702238
48.272;220.99570683839312
48.306;221.2026283618582
48.342;221.3065403422983
48.381;221.30891817346
48.448;221.28131732840873
48.515;221.17266851338874
48.582;221.32761788120024
48.619;221.45223515003062
48.656;221.38665026145802
48.724;221.1027376191941
48.757;220.98917079207922
48.798;221.0476485148515
48.876;221.10829207920793
48.913;221.67130058696324
48.979;221.6122953351869
49.079;221.44311926605505
49.146;221.32538226299695
49.18;221.84086086692938
49.213;222.06850560775993
49.248;222.0254622612913
49.298;221.73292682926828
49.373;221.88048780487804
49.407;221.55117629086465
49.444;221.57286892758935
49.511;221.9693815064299
49.546;221.79914268218005
49.593;221.93753827311696
49.66;221.87817569635752
49.694;221.81236608509334
49.762;221.72840632603408
49.831;221.66484184914842
49.898;221.99451052150044
50.022;221.42826747720366
50.127;221.63009118541032
50.197;221.73167021600244
50.317;221.5436568299361
50.457;221.95494672754947
50.526;221.77747336377473
50.561;221.80913242009132
50.597;221.7437461866992
50.631;221.67022574740696
50.666;221.54606263301915
50.706;221.48464578899362
50.743;221.57859531772576
50.811;221.67452541334967
50.844;221.65431720759338
50.918;221.60731707317072
50.985;221.52621951219513
51.02;221.61580882352942
51.053;221.5517769607843
51.089;221.77113970588235
51.122;221.68307505317532
51.156;221.68307505317532
51.191;221.7092069279854
51.23;221.43755697356426
51.292;221.20657134164892
51.359;221.22817158503193
51.394;221.31588557516739
51.461;221.37279367011564
51.495;221.314268329784
51.562;221.34491163924437
51.629;221.22181596587447
51.674;221.4945355191257
51.76;221.63873709775348
51.844;221.39265107804434
51.882;221.24081384755542
51.949;221.0658973580322
52.018;221.14485271788644
52.085;221.22084216903968
52.152;221.04695546803998
52.222;221.1832777946077
52.275;221.14515639234742
52.34;221.44488308533252
52.411;221.4119804400978
52.484;221.32090464547676
52.533;221.58196721311475
52.565;221.39556769884638
52.633;221.3547503045067
52.714;221.49634591961023
52.75;221.78124045218453
52.817;221.80018331805684
52.883;221.9789184234647
52.917;221.497583081571
52.954;221.60906344410876
52.99;221.69214501510575
53.03;221.218989280245
53.098;221.49127105666156
53.147;221.58625954198473
53.214;221.68580152671757
53.247;221.7083716651334
53.287;221.56915056731063
53.324;221.53081876724931
53.359;221.29715683277286
53.396;221.55273616630998
53.464;221.54874310239117
53.498;221.6017780502759
53.533;221.5343347639485
53.6;221.8075146288882
53.639;221.95565137049584
53.698;221.61477168250076
53.734;221.5703340484217
53.811;221.89209074187616
53.892;222.41725239616613
53.928;222.44089456869008
53.962;222.34313099041535
54.03;221.57456683168317
54.098;221.68935643564356
54.13;221.6058078467717
54.203;221.5560704355885
54.268;221.56273062730628
54.302;221.47447724477246
54.37;221.46614664586585
54.405;221.6358814352574
54.47;221.45211930926217
54.542;221.2436420722135
54.586;221.1300863131936
54.621;221.2281134401973
54.687;221.58335930196324
54.721;221.33094421938299
54.754;221.36918335901387
54.821;221.4989214175655
54.902;221.50878274268103
54.937;221.45063447848963
55.002;221.454658000619
55.037;221.07889963724304
55.124;221.32829504232166
55.156;221.33080194410692
55.192;221.31105710814094
55.261;221.58328248932276
55.295;221.5863331299573
55.363;221.41588925669575
55.404;221.35299428227506
55.436;221.28320726172467
55.473;221.2659606656581
55.51;221.3788199697428
55.566;221.4683620950651
55.603;221.34150772025433
55.67;221.45584218512897
55.707;221.5990895295903
55.757;221.66737481031868
55.803;221.51788963007883
55.837;221.40024257125532
55.878;221.14736203759855
55.912;221.28151515151515
55.979;221.2590909090909
56.046;221.41947224749774
56.08;221.65392781316348
56.115;221.63315051797684
56.161;221.51523461304083
56.228;221.56550883607557
56.261;221.3693611867999
56.3;221.52437178322737
56.34;221.62830245976312
56.373;221.71727907682964
56.427;221.753416337686
56.505;221.6151990349819
56.542;221.45114595898673
56.576;221.43156297420333
56.612;221.395751138088
56.678;221.8074119076549
56.712;221.7852369380316
56.746;221.54013935171162
56.78;221.5816419266889
56.819;221.65495304453196
56.89;221.57953855494839
56.991;221.67190807378287
57.059;221.82854550952524
57.126;221.97386018237083
57.168;221.87537993920972
57.234;221.71402494675996
57.32;221.65439610587163
57.359;221.46821331726423
57.425;221.57758360952093
57.492;221.77744179014212
57.525;221.81161173268825
57.592;221.8654829972916
57.629;221.88654829972916
57.697;221.7932706880873
57.732;221.85359199757502
57.767;222.10940325497288
57.803;222.11000602772754
57.888;222.09634551495017
57.953;221.93597100573845
57.987;221.75060753341432
58.022;221.62393681652492
58.092;222.46805858522904
58.176;222.61234029292615
58.212;222.61234029292615
58.246;221.80397022332505
58.283;222.01612903225808
58.348;221.94408201304753
58.385;222.0251630941286
58.419;221.9117373799938
58.453;221.85939919479716
58.52;221.78331257783313
58.627;222.07503113325032
58.694;221.91211840888067
58.727;221.88744989207524
58.762;221.66676857230206
58.797;221.53959033934578
58.834;221.65851421583614
58.9;222.04406779661016
58.967;221.99876733436056
59.068;221.79403711591115
59.14;221.94310921813204
59.181;222.16421117249845
59.218;222.2697974217311
59.285;221.88551258440762
59.321;221.79803560466544
59.359;222.10825688073393
59.395;222.06911314984708
59.463;222.21131498470947
59.497;222.25442342892006
59.536;222.28279438682122
59.575;222.24466137888956
59.643;222.31726662599146
59.684;221.99908060067423
59.728;222.0410665032179
59.765;222.11492491572173
59.806;222.07781155015198
59.873;222.04468085106382
59.908;222.17709923664123
59.977;222.0683969465649
60.019;221.92314702308627
60.086;221.8377885783718
60.153;222.0449848024316
60.192;221.98449848024316
60.228;221.72930717351318
60.264;221.81483752299204
60.301;221.60545677498467
60.368;221.89921307506054
60.401;221.90163438256658
60.439;222.14580801944106
60.512;222.1063183475091
60.582;221.87923728813558
60.65;221.73365617433413
60.684;221.74810088119114
60.751;221.82376177453662
60.784;221.86044390392217
60.857;221.73031316509577
60.892;221.47751605995717
60.966;221.5500152951973
61.068;221.47139798103396
61.139;221.85205314009661
61.206;221.52022946859904
61.241;221.4978787878788
61.308;221.13242424242424
61.344;220.94939393939393
61.376;221.05545454545455
61.445;221.9907063197026
61.485;221.90706319702602
61.552;220.66402197131524
61.619;220.75251754653647
61.686;221.87981790591806
61.72;221.79635811836116
61.756;221.97936267071321
61.823;221.76802884615384
61.857;221.54056490384616
61.924;221.38273863982923
61.997;221.37023482769138
62.1;221.8961526431029
62.206;221.86581169846733
62.277;221.63029162746943
62.312;221.61523988711195
62.352;221.11745068285282
62.388;221.43884673748104
62.454;221.99410487123797
62.488;222.11262798634812
62.522;222.09494260006204
62.572;221.46746104491294
62.608;221.22487014970974
62.646;221.121906507791
62.717;221.10124657950746
62.752;221.10124657950746
62.818;221.2459263729632
62.851;221.06578153289075
62.919;221.30375939849625
62.986;221.13825301204818
63.052;221.11235276351556
63.099;221.18242222893386
63.138;221.40440954394444
63.204;221.63658315725928
63.246;221.5336552973136
63.281;221.54638554216868
63.319;221.6906626506024
63.384;221.44040036396726
63.422;221.51380042462844
63.499;221.7131221719457
63.567;221.65098039215687
63.602;221.75979350136654
63.67;221.92256301245067
63.705;221.54706766917292
63.761;221.75428571428571
63.8;221.76631578947368
63.868;221.66576086956522
63.942;221.94021739130434
64.047;221.53893129770992
64.086;221.33007633587786
64.153;221.56946564885496
64.186;221.56476997578693
64.22;221.6404358353511
64.29;221.6
64.387;221.60940819423368
64.469;221.55700820918213
64.503;221.52599574338706
64.537;221.74186682882336
64.572;221.6667680145941
64.612;221.4265734265734
64.678;221.293402249924
64.713;221.99531396438613
64.752;222.06966572945953
64.82;221.69987585350714
64.886;221.97734326505275
64.951;222.24827369742624
64.991;222.41839296924041
65.057;221.8156094527363
65.124;222.0376659462797
65.191;221.87465267057735
65.225;222.2481412639405
65.277;222.16263940520446
65.359;221.74101610904586
65.422;221.77292441140025
65.49;221.44932432432432
65.524;221.42874692874693
65.592;222.08545680546925
65.629;222.08452454940956
65.663;221.64285714285714
65.73;221.6094619666048
65.765;222.1005291005291
65.845;222.0438842203548
65.913;222.06209850107066
65.995;221.68950749464668
66.061;222.18835616438355
66.129;222.28829389788294
66.231;222.38698630136986
66.383;222.14151515151516
66.466;221.28014397120575
66.535;221.45590881823637
66.62;221.91775022679167
66.687;221.7030541276081
66.768;221.41498645801985
66.835;221.39362022269034
66.902;221.6907278767744
66.969;221.65961945031714
67.05;221.6061612805799
67.117;221.600845410628
67.183;221.45984299516908
67.223;221.57971014492753
67.328;222.20596546310833
67.398;222.14128728414443
67.477;221.78405931417979
67.547;221.72227371022552
67.617;222.39993696816893
67.685;222.29751024267256
67.776;222
67.858;222.08968472604838
67.953;222.54687980325852
68.021;222.48017214878573
68.087;222.1406680968434
68.131;221.98620901011338
68.229;222.09684339564816
68.303;222.25371287128712
68.386;222.25092821782178
68.453;222.06488314883148
68.521;222.18849938499386
68.588;222.26260762607626
68.655;222.72236180904522
68.768;223.07192211055278
68.865;222.5061274509804
68.932;221.91354996934396
69.01;222.13212752912324
69.076;222.17688534641326
69.145;222.26885346413243
69.299;222.84463625154132
69.411;222.6784833538841
69.515;222.26568265682656
69.582;222.19987699876998
69.65;222.68849890316514
69.717;222.6045126919461
69.784;222.20593635250918
69.852;222.44981640146878
69.926;222.63162819713037
70.019;222.83936369307548
70.079;222.53357642054087
70.147;222.34943786083258
70.214;221.85224195004514
70.256;221.78904604273248
70.322;221.9431236834186
70.357;222.27954064672107
70.422;222.233907524932
70.459;222.3660606060606
70.498;222.33363636363637
70.568;222.34727272727272
70.636;222.30690072639226
70.725;222.44131881427708
70.796;222.11161524500906
70.857;222.2288902291918
70.895;222.02895054282268
70.971;222.0753920386007
71.037;222.00302480338777
71.145;221.94585601935873
71.247;221.94252873563218
71.317;221.95695665353136
71.384;221.89178538951197
71.456;222.11849357011636
71.49;221.89099816289038
71.579;222.60395427865308
71.648;222.62496138399752
71.685;222.38492431263515
71.751;221.90050943961643
71.821;221.95684746778542
71.893;222.3085661651827
71.997;222.40036843721217
72.086;222.13118736714242
72.222;221.81141815973277
72.289;222.06308765544435
72.325;222.1131331513497
72.393;221.99241734910524
72.461;221.6697139486877
72.528;221.57947508109703
72.594;221.6679445591271
72.662;221.7155635062612
72.73;221.7000596302922
72.796;222.1840929401251
72.863;221.88650580875782
72.954;221.6171103798983
73.114;221.55130122644331
73.185;221.96108949416342
73.352;222.091888656091
73.423;222.25082310685423
73.489;222.06390748630554
73.556;221.84023128423615
73.592;221.6123002713295
73.659;221.70364787458547
73.726;221.83056478405317
73.817;221.822046765867
73.891;221.79380504099606
73.959;221.86607956270876
74.026;221.8177953234133
74.092;222.03453498939714
74.159;222.28506513177825
74.225;221.97509113001215
74.294;221.77582017010937
74.36;221.94368755676658
74.427;221.934302149561
74.493;222.0039658328249
74.56;222.07931665649787
74.633;222.06424838610513
74.7;222.21795265908392
74.767;222.02081420263238
74.836;222.04346495255587
74.912;222.00548947849956
75.079;221.90362915523025
75.146;222.0057944495273
75.259;222.34080581641928
75.361;222.3062708270221
75.479;222.2877915783096
75.552;221.89518327779462
75.653;221.92820357467434
75.719;222.41823708206687
75.786;222.40425531914894
75.826;222.47477203647418
75.894;222.13174748398902
75.96;222.18572735590118
76.014;221.852790346908
76.082;221.9837104072398
76.152;222.26709401709402
76.223;222.09676434676436
76.29;222.17918192918194
76.357;222.26571079926785
76.394;222.21140939597316
76.461;221.9954310082242
76.502;222.1477307340847
76.54;222.17984732824428
76.576;221.88580152671756
76.615;222.00763358778627
76.694;222.32588739290085
76.731;222.3032435740514
76.765;222.22239170225748
76.82;222.24618669920685
76.89;222.23681018799272
76.924;222.04760460885385
76.995;221.79105392156862
77.029;221.85386029411765
77.072;221.86642156862746
77.11;222.18471337579618
77.146;222.13345465574764
77.186;222.13345465574764
77.225;221.95003046922608
77.27;222.09475929311395
77.311;222.1943516550258
77.355;222.22684482235044
77.423;222.43941694503494
77.456;222.2125721226845
77.507;222.75092821782178
77.574;222.8601485148515
77.642;222.19779546846294
77.709;222.23423147581138
77.748;222.74758491741974
77.817;222.69086942972888
77.851;222.72801251956182
77.898;222.62754303599374
77.965;222.31288723667905
78.031;222.3026641883519
78.098;222.7378219050574
78.132;222.73813217499224
78.168;222.50136570561457
78.204;222.55113808801215
78.272;222.793626707132
78.339;222.89102564102564
78.372;222.90323565323564
78.416;222.71153846153845
78.494;222.76848484848486
78.528;222.4160606060606
78.568;222.31215805471123
78.606;222.27993920972645
78.673;222.53960546282246
78.746;222.36109422492402
78.815;222.34437689969604
78.883;222.41869671132764
78.92;222.43544457978075
78.987;222.47076735688185
79.021;222.74459006400488
79.058;222.86772325510515
79.142;222.9721296576795
79.18;222.9924265374129
79.247;222.56288156288156
79.316;222.55012077294685
79.35;222.6413043478261
79.384;222.72675120772948
79.45;222.59279442930668
79.485;222.68452921586436
79.522;222.78056234718827
79.593;222.86858190709046
79.669;222.45182926829267
79.71;222.5045731707317
79.745;222.49712556732223
79.812;222.67806354009076
79.879;222.9703210175651
79.915;222.97910357359177
79.95;222.8986957840461
80.016;222.87685774946922
80.054;222.83764849223272
80.122;222.9125799573561
80.162;223.07680585187444
80.232;223.10240780249924
80.298;223.27857360560805
80.366;222.9875304136253
80.433;223
80.504;222.9739663093415
80.581;223.23491577335375
80.618;223.12771822358346
80.677;222.70055452865066
80.771;222.62630930375846
80.805;222.8698315467075
80.872;222.9457886676876
80.953;222.9114854517611
81.141;223.0914373088685
81.24;223.10489296636086
81.309;222.7174240144448
81.351;222.6370749322901
81.417;223.08846761453395
81.485;223.09763033175355
81.522;223.16750788643535
81.589;223.1422712933754
81.656;223.14763406940062
81.723;223.38359621451104
81.789;223.3205047318612
81.823;222.874531835206
81.889;222.6607365792759
81.924;222.77247191011236
81.962;223.23913732952744
82.028;223.12591183000316
82.097;222.43506097560976
82.163;222.4515243902439
82.232;222.9361051666157
82.3;222.95383674717212
82.337;222.44168433807937
82.404;222.47197818842776
82.472;222.58014571949
82.54;222.40558591378263
82.578;222.85991510006065
82.644;222.54851425106125
82.679;222.4436021831413
82.749;222.55130540376442
82.815;222.57012750455374
82.883;222.7436053593179
82.918;222.82856272838004
82.985;222.72137637028015
83.081;222.75007638252367
83.198;222.8783990223037
83.265;222.7798970632758
83.333;222.66848816029145
83.4;222.42865816636308
83.471;222.4409616555082
83.566;222.69354838709677
83.635;222.78230465186988
83.701;222.78838552751597
83.737;222.9000302023558
83.773;222.95288432497736
83.808;222.99063726970704
83.846;223.27182120205376
83.883;223.20960434913923
83.916;223.08955676988464
83.957;223.0321797207043
84.022;223.27706812652067
84.089;222.97779805352798
84.164;222.86474908200734
84.226;222.86964504283966
84.303;223.0940170940171
84.371;222.8937019969278
84.408;222.98218125960062
84.49;223.08509984639016
84.558;223.15349682107174
84.626;223.2207084468665
84.662;223.32788374205268
84.701;223.4699603537664
84.737;223.3086306800854
84.804;223.02367773677736
84.87;222.6299357208448
84.902;222.66146311600858
84.938;222.8270584634221
85.019;223.17792723937634
85.153;223.37817181290126
85.187;223.04553846153846
85.232;223.40646153846154
85.274;222.87821297429622
85.308;222.88708690330478
85.343;222.95838433292533
85.38;223.09638922888618
85.415;223.02715898687825
85.452;222.82331400671345
85.527;223.0840099937539
85.593;223.10430980637102
85.63;223.5285351934052
85.665;223.58306911857957
85.703;223.20315398886828
85.739;223.30735930735932
85.812;223.40739570164348
85.886;223.4459544879899
85.93;223.08579335793357
85.966;223.0630381303813
86;223.0639606396064
86.035;223.30535055350555
86.076;223.648538195536
86.112;223.58189248663942
86.148;223.2637535366237
86.183;223.08443188951662
86.249;223.17618019129898
86.287;223.3187287874113
86.353;223.30886075949368
86.392;223.19398734177216
86.461;223.09172885572139
86.527;223.18967661691542
86.676;223.41783162472817
86.745;223.340789064927
86.812;223.04628766697732
86.848;223.6858490566038
86.916;223.1066037735849
86.952;223.06773787019534
86.991;223.03875236294897
87.057;223.37881619937696
87.093;223.3479750778816
87.159;223.25908952031776
87.197;223.43140849373663
87.263;223.70534629404617
87.298;223.59416767922235
87.334;223.89185905224787
87.37;223.5956865127582
87.49;223.34416767922235
87.523;223.13087248322148
87.592;223.12141549725442
87.654;223.4750456482045
87.693;223.43852708460133
87.76;223.57812975936642
87.797;223.64910143161742
87.836;223.63954905545398
87.875;223.74314442413163
87.944;223.76603543066585
87.983;223.76603543066585
88.022;223.72602321319488
88.088;223.57683000604962
88.122;223.55837870538414
88.19;223.356926799758
88.306;223.3719362745098
88.344;223.33700980392157
88.412;222.93459657701712
88.476;223.11216381418092
88.511;222.86977737114975
88.578;222.94602012808784
88.648;222.95920852359208
88.715;223.15464231354642
88.754;223.09732360097323
88.821;223.1426399026764
88.887;222.9479891140006
88.923;223.05110371938312
88.988;223.1127910492894
89.055;223.44263803680983
89.147;223.64693251533743
89.214;223.20018115942028
89.249;223.36322463768116
89.315;223.7204433497537
89.351;223.7472290640394
89.418;223.33067973055725
89.504;223.38089406001225
89.59;223.13532675709
89.657;223.37083847102343
89.69;223.41917639827903
89.757;223.35679164105716
89.831;222.9080530700401
89.904;222.99105214439987
89.943;223.74126984126985
90.01;223.72984126984127
90.077;222.9386658235852
90.146;222.889029402466
90.232;223.02733270499527
90.307;223.2397109644989
90.374;223.02007528230865
90.44;223.09159347553324
90.507;222.68824265165728
90.595;222.90587867417136
90.666;222.94298245614036
90.713;222.66353383458647
90.777;222.56578947368422
90.844;222.87208216619982
90.913;222.5592903828198
90.98;223.1409248191255
91.051;223.44227744573766
91.118;223.31456432840517
91.202;223.0225587144623
91.259;222.93695920889988
91.326;222.59884428223845
91.394;222.5580900243309
91.462;222.69684082624545
91.528;222.57746051032808
91.571;222.6476306196841
91.642;222.74388402295378
91.711;222.64723648444578
91.777;222.6139927623643
91.845;222.72195416164053
91.887;222.99244027819776
91.955;222.69609918355005
92.023;222.43492736077482
92.09;222.4812348668281
92.174;222.85046728971963
92.24;222.7962013867953
92.308;222.9546690843155
92.375;222.95829555757027
92.442;222.6812253563846
92.509;222.67060964513195
92.59;222.9404617253949
92.657;222.98882334678672
92.737;222.7575287177895
92.807;223.01387176325525
92.876;223.03360049321824
92.944;222.90097799511003
93.011;222.7130195599022
93.063;222.72830073349633
93.132;222.9106707317073
93.311;223.0530487804878
93.359;222.95548780487806
93.427;222.81947384336257
93.494;223.08587843967342
93.54;222.90942138745834
93.62;222.86216298091486
93.695;222.98562251453043
93.762;223.03701437748546
93.828;223.4943476932478
93.893;223.3907729911396
93.936;223.22327139811148
94.004;223.3265306122449
94.083;223.03143297380586
94.183;223.16702619414482
94.223;223.38983050847457
94.29;222.9640024405125
94.357;223.0274557657108
94.425;223.17497677299474
94.462;223.10467637039332
94.528;222.88455634019036
94.595;222.97574455019958
94.664;222.96360271437385
94.731;222.85256014805677
94.777;222.90875462392108
94.817;222.90443896424168
94.853;222.93958076448828
94.919;222.9032457496136
94.985;223.14930448222566
95.053;223.00522113022112
95.12;223.0423832923833
95.189;223.05161290322582
95.261;222.9757296466974
95.34;223.08238549031663
95.41;222.80786965877653
95.479;222.9592649310873
95.58;223.16595354523227
95.693;223.22952322738385
95.795;223.0547523838819
95.865;223.0123039064903
95.939;223.2476161181175
96.074;222.8091047040971
96.174;222.647344461305
96.243;222.73383915022762
96.321;223.7676479898702
96.423;223.66318455207343
96.495;223.128173374613
96.561;222.94303405572757
96.598;223.04829100031358
96.639;222.89965506428348
96.728;222.67701473816243
96.775;222.6083307429282
96.82;222.81535592166614
96.897;222.93079365079365
96.96;222.9530158730159
97.027;222.84285714285716
97.065;223.2581750233572
97.144;223.5151043288695
97.215;223.0494213324992
97.252;222.93869252424147
97.325;223.64124293785312
97.395;223.49215317011928
97.485;223.11744548286603
97.561;222.95894245723173
97.629;223.0121306376361
97.696;223.075625
97.764;223.04
97.84;223.1718309859155
97.907;223.20125195618152
97.982;223.3530516431925
98.031;223.4626168224299
98.106;223.19221183800624
98.172;223.45790618204413
98.24;223.2659210935073
98.307;223.46913193356315
98.376;223.46787840802256
98.459;223.52701863354037
98.527;223.53509316770186
98.568;223.55062893081762
98.634;223.7638364779874
98.702;223.87169811320754
98.77;224.12682623562324
98.837;224.0497357786758
98.904;223.5604186489058
98.978;223.60418648905804
99.085;223.5034289276808
99.197;223.74064837905237
99.234;223.81493099121707
99.301;223.83688833124216
99.38;224.02132998745296
99.442;223.6478165252906
99.519;223.79547596606974
99.619;223.00310655483068
99.686;223.12892202547374
99.761;223.2628145386766
99.86;223.20874384236453
99.925;223.4667487684729
99.993;222.84107579462102
100.059;223.1253056234719
100.134;223.02618607516945
100.247;223.15103045216856
100.314;223.09812365426023
100.361;223.0744386342664
100.404;222.92695599022005
100.473;223.15617359413204
100.54;223.25939617991375
100.607;223.4799753542822
100.674;223.34319162045594
100.742;223.09030303030303
100.807;223.4078787878788
100.896;223.09185230393652
100.935;223.1666158071407
101.02;222.98067484662576
101.087;223.0174846625767
101.129;223.42564885496182
101.198;223.5071755725191
101.266;223.16058394160584
101.347;223.12591240875912
101.424;223.6163601775523
101.491;223.53709575142676
101.559;223.2143310082435
101.597;222.8241518829754
101.663;222.85901027077497
101.73;223.37903483541066
101.797;223.24544582933845
101.864;222.79782608695652
101.93;222.93478260869566
101.999;223.96700507614213
102.099;223.95399746192894
102.203;222.95266990291262
102.311;222.91231796116506
102.38;223.05768649954697
102.449;223.03956508607672
102.515;223.15161582603443
102.612;223.03384146341463
102.671;223.12225609756098
102.713;223.343107617896
102.779;223.4117291414752
102.85;223.23856799037304
102.888;223.12184115523465
102.936;222.98134777376654
103.003;222.96206373292867
103.039;222.99210925644917
103.106;222.8270401948843
103.152;222.79263093788063
103.224;222.77679658952496
103.261;223.22604198357163
103.32;223.18831761484637
103.387;223.28506236689992
103.425;223.34317006388804
103.496;222.78139252052296
103.535;222.9550015202189
103.601;223.16347614706777
103.675;223.17289577635978
103.721;223.03402187120292
103.788;222.98967193195625
103.835;222.90444104134764
103.901;223.08422664624808
103.968;222.9254961832061
104.035;223.12152671755726
104.073;223.17310049019608
104.143;223.46047794117646
104.209;223.5107230392157
104.246;223.07155907429964
104.312;222.84713763702803
104.382;222.84974093264248
104.448;222.78238341968913
104.49;222.97951070336393
104.557;222.968501529052
104.624;223.11005518087063
104.691;222.9981606376456
104.73;222.98937462052217
104.798;223.06041287188827
104.866;222.9634633097943
104.92;222.6020878108689
105.02;222.65518292682927
105.088;222.56006097560976
105.134;222.87278828553997
105.201;222.8837705918243
105.24;222.85854556612458
105.309;223.09972384166923
105.39;222.8990516977669
105.429;223.0116243499541
105.495;223.7668653906495
105.529;223.60213366802637
105.604;223.05889646621202
105.664;222.8034717916925
105.704;222.97334159950404
105.783;223.2123372597644
105.859;223.18102372034957
105.94;223.16354556803995
106.02;222.67059553349876
106.122;222.9609181141439
106.254;222.62344913151364
106.344;222.78537956888474
106.412;222.77257107154014
106.48;222.12123058178494
106.546;222.26652452025587
106.613;222.70140158439975
106.653;222.59049360146253
106.72;222.59987929993966
106.787;222.57453228726615
106.829;222.2435123717562
106.903;222.27831617201696
106.982;222.1871592973955
107.049;222.7342424242424
107.116;222.88484848484848
107.158;222.75591267434808
107.227;222.64705882352942
107.294;222.8594890510949
107.364;222.96597410418548
107.432;222.8964167419452
107.499;222.5761230027133
107.566;222.4908049442267
107.605;222.60536629484474
107.679;223.13316661456705
107.746;223.24257580493904
107.814;223.05778739184177
107.848;223.07014833127317
107.941;223.41043854231006
108.01;223.4728227300803
108.077;223.08312655086849
108.11;223.1048387096774
108.175;223.2314383348866
108.213;223.31220876048462
108.306;222.7563905143209
108.372;222.8441638435479
108.442;222.68024691358025
108.507;222.84753086419752
108.575;222.68950617283951
108.643;222.81952571604558
108.71;223.09270095472743
108.747;223.07480916030534
108.813;223.0683969465649
108.881;223.03947368421052
108.948;222.9436964504284
109.016;223.51632590784254
109.159;224.1003967043027
109.239;224.83026960784315
109.312;225.28125
109.378;225.26654411764707
109.416;226.54783706978213
109.483;227.0154720555731
109.549;228.16566866267465
109.587;228.54058549567532
109.654;229.15298637792526
109.695;229.54173943415998
109.763;229.9549224666426
109.798;230.21925712225027
109.866;230.0168388825105
109.932;230.04668962877918
110.041;229.09976708074535
110.17;228.77833850931677
110.248;228.17818322981367
110.314;227.19321895424838
110.38;225.59027777777777
110.423;227.57903425505572
110.488;226.00577796120513
110.557;227.69151565074134
110.625;227.94522240527183
110.665;230.3088648215002
110.73;229.98395507420778
110.765;228.92409638554216
110.831;228.09317269076305
110.899;227.90064102564102
110.937;227.32131410256412
111.004;226.62379807692307
111.071;227.02687525070198
111.11;226.1684717208183
111.155;228.47035573122528
111.222;227.73478260869564
111.291;226.89103554868623
111.37;227.14644513137557
111.451;229.20383204239707
111.517;229.3130860171219
111.584;229.16776045939295
111.623;229.75840853158326
111.663;229.0135356849877
111.731;229.5926989335521
111.768;229.8408531583265
111.837;229.18971061093248
111.904;229.3894694533762
111.941;227.13312693498452
112.008;227.86339009287926
112.116;226.5306198655713
112.179;226.72479462285287
112.246;225.23809523809524
112.313;224.53119232189
112.387;222.2923588039867
112.452;221.8999630860096
112.519;223.30265095729013
112.588;224.06627393225332
112.655;226.44169741697416
112.723;226.51549815498154
112.766;226.60566530003726
112.833;226.83078643309727
113.084;226.7281879194631
113.179;226.66927665920954
113.244;224.68672501823485
113.316;224.98942377826404
113.383;226.1524730383042
113.418;226.1007809594645
113.484;225.05426917510854
113.516;225.05426917510854
113.56;224.5075976845152
113.628;223.3712011577424
113.694;222.61133309117326
113.731;221.63058481656375
113.797;220.68331562167907
113.836;220.29649309245482
113.877;220.09780297661234
113.912;219.71793054571225
113.98;219.16548547129696
114.017;219.63179916317992
114.056;219.6694560669456
114.152;219.53277545327754
114.188;220.71845342706501
114.256;220.4604569420035
114.294;220.42068965517242
114.334;221.07655172413794
114.37;221.5044827586207
114.407;222.07275862068965
114.446;221.85481069815907
114.481;222.1736714136853
114.549;220.13886010362694
114.616;220.32504317789292
114.668;219.9909784871617
114.705;219.99548924358083
114.742;220.0180430256766
114.81;219.34524218481621
114.883;218.55994503607008
114.925;217.91613121406832
114.965;217.49171457558336
115.03;217.52820512820512
115.097;217.86461538461538
115.164;218.00307692307692
115.266;218.02424662279182
115.334;218.07170072739868
115.424;217.6272268907563
115.54;216.63596930263597
115.607;216.99532866199533
115.651;216.81568228105905
115.718;217.12491513917175
115.786;216.82525893752089
115.872;216.50183762111593
115.976;216.31287929871883
116.092;215.90525960890088
116.158;215.72331883573102
116.197;215.60889929742387
116.264;215.59577975601715
116.332;215.61984833498187
116.41;216.67177097203728
116.535;216.74800266311584
116.604;216.48647757255938
116.671;216.3070580474934
116.711;216.58283828382838
116.778;216.46369636963698
116.846;216.10626434896687
116.888;216.2682846835028
116.963;216.33814365365694
116.997;216.37323712692685
117.051;216.6460087571573
117.116;216.60660154934322
117.152;216.8887425938117
117.219;216.8499012508229
117.286;216.65126329787233
117.353;216.4654255319149
117.387;216.35067059208373
117.426;216.4105332024861
117.492;216.8430404738401
117.53;216.90687726225732
117.566;217.13293846660085
117.644;216.77137242056992
117.681;216.92761218473632
117.748;216.8981329839502
117.785;216.28234152652004
117.826;216.00808538163002
117.893;216.7691288506128
117.929;216.67307055316329
118.005;216.55621890547263
118.104;216.8056384742952
118.191;216.8289864641796
118.264;217.0802244965335
118.301;217.07888707037642
118.368;217.12667757774142
118.403;216.79810519438092
118.437;216.90231950343025
118.472;217.06370467167594
118.505;217.01960143743875
118.543;217.1358552631579
118.611;216.95822368421054
118.677;216.37010676156584
118.717;216.56486573924298
118.784;217.24941569282137
118.822;217.51919866444072
118.864;216.90956578517793
118.931;217.27326150832516
119.03;217.45101295250748
119.097;217.6728661574228
119.167;217.18458020254818
119.234;217.17608624632473
119.272;217.10813459653707
119.307;217.04717296754768
119.341;216.96319839411174
119.408;216.6872131147541
119.446;216.55836065573772
119.483;216.66852459016394
119.519;217.38726968174205
119.594;217.4184254606365
119.672;217.4572301425662
119.74;217.35777325186694
119.774;217.3235492577598
119.842;217.63765182186233
119.877;217.78988458927358
119.945;217.3910386965377
120.012;217.4306594153637
120.119;217.71210061182867
120.195;217.6724832214765
120.246;217.76342281879195
120.285;217.7738255033557
120.351;217.44100840336134
120.387;217.2420168067227
120.422;217.67062818336163
120.461;217.49100169779288
120.529;217.31787634408602
120.597;217.6039739636862
120.672;217.7756080849606
120.737;217.75402535114765
120.807;218.0252904989747
120.874;218.13089542036911
120.907;217.70536320434488
120.974;217.68703326544468
121.008;217.7379497623897
121.075;217.75695858791582
121.109;217.48955121616993
121.176;216.96848235697158
121.259;216.93558282208588
121.297;216.81117927743693
121.334;216.80488610102344
121.372;216.86893364146584
121.439;216.82040277319248
121.473;216.7975340687865
121.55;216.73166774821544
121.586;217.30949241924853
121.624;217.28971654581412
121.692;217.2237969676994
121.76;216.65440937194924
121.796;216.50471851610803
121.864;216.79543952412425
121.931;216.89689358889623
121.967;216.6817301484829
122.033;216.65848934796642
122.1;216.8451951459495
122.167;216.93899639225975
122.204;216.89832732043294
122.271;216.05924479166666
122.304;216.015625
122.354;215.88118489583334
122.389;217.58319213825823
122.455;217.0291426635039
122.489;216.7754279959718
122.525;216.8727760993622
122.565;217.075962187711
122.64;217.1883862255233
122.709;217.25118004045854
122.775;216.9339177343223
122.81;217.31642098045938
122.845;217.107302022626
122.913;217.14398354473775
122.988;216.80459770114942
123.027;217.0240027045301
123.094;216.93154362416107
123.128;216.95738255033558
123.165;216.62227440456223
123.2;216.5541764508554
123.245;216.51928882925193
123.286;216.90701634877385
123.353;216.78542234332426
123.387;216.6355421686747
123.453;216.75970548862117
123.491;216.72858099062918
123.557;217.1258389261745
123.625;217.16107382550337
123.694;217.0344827586207
123.728;217.0344827586207
123.795;217.0515567458989
123.83;217.20704845814979
123.902;216.9234157912572
123.941;216.51394020826336
124.025;216.86698018139066
124.125;217.16059379217273
124.23;217.1751012145749
124.318;217.17777777777778
124.397;217.31350427350426
124.464;217.50529914529915
124.532;217.61377655928717
124.599;217.3738862234407
124.72;217.5
124.808;217.5424948594928
124.891;217.24339878131346
124.959;217.5897088693297
124.997;217.47088693297223
125.031;217.0597515944948
125.067;217.07049345417926
125.134;216.8972023422251
125.204;216.84027325959661
125.283;216.99227550691987
125.349;217.10340314136127
125.388;217.0788612565445
125.427;217.12884428617676
125.499;217.34574295888638
125.585;217.37552606021367
125.627;217.36448900388098
125.697;217.22639068564035
125.731;216.8329563812601
125.797;217.07399030694668
125.834;217.78976713676616
125.871;217.65595277140045
125.938;216.99478657543173
125.974;217.0635386119257
126.02;216.92495062541144
126.092;217.20111915734034
126.159;217.09038089089736
126.247;217.19399612653325
126.315;217.12414910858996
126.381;216.75146962769432
126.42;216.83736120182888
126.521;217.0241593209272
126.615;216.21580150179562
126.679;216.67363184079602
126.722;216.83217247097843
126.792;216.65179153094462
126.831;216.62768729641695
126.905;217.3816266052025
126.941;217.37899242673691
127.008;217.412248929865
127.078;216.83101327290385
127.143;216.6876011654257
127.183;217.94635121626123
127.288;217.24159320927197
127.355;216.9866144302971
127.39;217.36112015630087
127.458;217.44936502767828
127.524;217.4817092910327
127.56;217.43832955649077
127.641;217.98359041680342
127.709;217.79684936002624
127.748;217.48916909149693
127.786;217.6349822179114
127.854;218.17096560846562
127.907;218.39451058201058
127.966;218.46921581335062
128.01;218.11147116007777
128.078;218.231855500821
128.144;218.09655172413792
128.21;217.90846456692913
128.246;218.01115485564304
128.287;218.26877857609406
128.322;218.2148922273024
128.357;218.47158719790986
128.423;218.32233834095362
128.49;218.25122669283613
128.558;218.39156035328753
128.602;217.81608822575413
128.671;218.04962698670127
128.737;218.83883622098725
128.773;218.7263811703171
128.84;217.77968295050147
128.876;217.8515043675186
128.951;218.22419460881
129.029;218.1673241288626
129.097;218.21236028928337
129.131;217.9303158580267
129.198;217.99967437316835
129.231;217.83588407684792
129.299;217.3953258722844
129.367;217.56649111257406
129.407;217.59218436873746
129.477;217.60988643954576
129.544;217.44266211604096
129.611;217.30068259385666
129.649;217.0547263681592
129.686;217.14461028192372
129.752;217.1889250814332
129.789;217.1540716612378
129.89;217.64522481128978
129.957;217.3432884804726
130.024;217.5202614379085
130.092;217.51045751633987
130.13;217.32091503267975
130.169;217.01940491591202
130.237;216.77231565329885
130.304;217.14374185136896
130.371;217.42764015645372
130.408;217.37131757850437
130.473;217.43994820330204
130.513;217.6788961038961
130.552;217.71850649350648
130.593;217.56233766233765
130.66;216.8877984952568
130.727;216.97612037945697
130.76;216.9591102387962
130.827;217.1437994722955
130.892;217.28199208443272
130.934;216.86955107351983
131.002;216.90728692257645
131.07;217.24844720496895
131.107;217.14318404707421
131.174;216.96901500326157
131.213;216.84181343770385
131.28;217.22783171521036
131.317;217.1126213592233
131.393;217.10291262135922
131.428;216.8471544715447
131.494;216.62113821138212
131.529;216.34536585365854
131.596;217.06607201850017
131.633;217.07201850016517
131.7;217.07179139857772
131.766;217.1032847951236
131.803;217.02677966101695
131.841;216.93762711864406
131.882;216.90542372881356
131.95;217.13313110886418
132.016;216.91102123356927
132.084;217.62563580874874
132.151;217.43404543913192
132.217;217.05940257976917
132.284;217.09504412763067
132.356;217.18601493550577
132.423;216.84481582537518
132.491;217.07537517053206
132.53;217.38728323699422
132.597;217.37504250255014
132.639;217.1942760942761
132.707;217.096632996633
132.773;216.83025099075297
132.816;216.56770145310435
132.882;216.4824966974901
132.923;216.56857050661503
132.991;216.62181348822202
133.029;216.86555989583334
133.068;216.89095052083334
133.135;216.7099609375
133.175;216.5151219512195
133.211;216.38861788617885
133.258;216.53886178861788
133.33;216.60774024270253
133.382;216.91079042308954
133.421;216.88586421777632
133.488;217.04961089494162
133.522;216.98313878080415
133.589;216.6637483787289
133.629;216.64559014267186
133.699;216.8811394891945
133.778;216.6892599869024
133.847;216.73466057441254
133.881;216.7894908616188
133.947;216.83453002610966
133.99;216.65234503115775
134.026;216.67103968514266
134.064;216.77697605772386
134.103;217.34516444155
134.184;217.48127645718006
134.225;217.5922077922078
134.293;217.25779220779222
134.332;217.17987012987012
134.399;217.16305774278214
134.467;216.98096774193547
134.504;217.02129032258065
134.57;217.46500164311536
134.604;217.5695037791653
134.672;217.64311534669733
134.706;216.92255125284737
134.771;217.01561991539214
134.842;217.16524028966424
134.92;217.17906517445687
134.955;216.96356538711777
134.991;216.7433311646064
135.059;216.81949934123847
135.096;217.0144927536232
135.163;216.85255570117957
135.198;216.63630406290957
135.265;216.99703849950643
135.302;216.95327410332345
135.389;217.47285291214214
135.456;217.18598382749326
135.493;217.22877358490567
135.559;216.93196829590488
135.593;216.8210039630119
135.66;216.7778499512829
135.727;216.6700227346541
135.766;217.15475024485798
135.821;217.23898139079333
135.869;217.35674975720298
135.937;217.21171900291355
135.973;217.5798237022527
136.039;217.40515834149528
136.105;217.2547811993517
136.142;217.10632090761752
136.181;217.91113313511727
136.214;217.78658738024447
136.281;217.46219035202085
136.356;217.4380704041721
136.39;217.40925500492287
136.427;217.5572694453561
136.498;217.6317689530686
136.53;217.36490431397988
136.568;217.32338631203373
136.636;217.43515191114014
136.67;217.43515191114014
136.736;217.2878144397256
136.769;217.23136999674585
136.837;217.04523267165635
136.879;217.25267944137707
136.963;217.0863916856122
136.997;217.96330275229357
137.032;218.00720838794234
137.1;217.95411649853563
137.138;218.05662219329645
137.175;218.08200455580865
137.207;218.27128005198182
137.291;218.1588693957115
137.346;218.1491603556141
137.384;218.11261112940403
137.452;218.2937108989134
137.489;218.2561254491996
137.556;218.21626919307417
137.596;218.17625899280574
137.632;218.1043165467626
137.705;217.91905071521455
137.825;218.01723016905072
137.86;218.0953625081646
137.927;218.09177008491181
137.961;217.79071288423808
138.027;217.8378024852845
138.068;218.14541897619824
138.109;218.16204760352136
138.181;218.23932181284644
138.248;217.97073170731707
138.317;217.8969105691057
138.355;217.7748538011696
138.422;217.80636777128007
138.461;218.00518975024326
138.5;218.01946156341225
138.567;217.80104883644708
138.604;217.8734841035726
138.674;217.98557849885285
138.754;218.00394347683206
138.821;217.95465001643115
138.859;217.99281515349446
138.897;217.8834095362508
138.937;218.14761593729588
139.038;217.89320705421292
139.105;217.8910632746249
139.143;217.78408349641225
139.21;217.66100587851076
139.288;217.93076420640105
139.358;218.40222897669707
139.396;218.3498817966903
139.463;218.48445507345406
139.53;218.62726340963445
139.567;218.46701030927835
139.634;218.40137457044673
139.676;218.61736770691994
139.742;218.36329715061058
139.791;218.11601085481684
139.827;218.22761194029852
139.893;218.74535443909153
139.961;218.5732966276669
139.996;218.56780520798105
140.064;218.2421373013189
140.101;218.09193438140807
140.211;217.90628218331616
140.278;217.96601441812564
140.346;218.2597179222566
140.413;218.33161334709322
140.454;217.54681274900398
140.522;217.48871181938912
140.56;217.57138114209826
140.627;217.69807564698075
140.695;217.73589913735898
140.728;217.8904109589041
140.797;217.96992983628468
140.863;217.65968063872256
140.904;217.6593479707252
140.97;217.95236508994003
141.005;218.00799467021986
141.074;217.87574950033311
141.109;217.60792804796802
141.176;217.89640239840108
141.219;217.50016772895
141.285;217.58570949345858
141.32;217.51157329755117
141.388;217.66902119071645
141.455;217.63673057517659
141.522;218.08472269479415
141.59;218.66867469879517
141.691;219.25708432912256
141.759;218.86104472516217
141.798;218.66712188460227
141.834;218.27998652291106
141.911;218.45923180592993
141.948;218.3288409703504
141.981;218.96048632218844
142.048;218.9628503883823
142.133;218.098184263618
142.2;218.0245460659045
142.238;218.60728744939271
142.306;218.76214574898785
142.356;218.5445945945946
142.423;218.1195945945946
142.49;218.3560121252947
142.56;218.21353991242842
142.627;218.27876551492787
142.695;218.41361959074135
142.738;218.59900166389352
142.774;218.67953410981698
142.808;218.67953410981698
142.847;218.6718801996672
142.928;218.76538201487492
142.993;218.54039557492456
143.061;218.84612805900102
143.128;218.92320646682384
143.161;218.7568204782755
143.229;218.62495761275008
143.267;218.8321464903357
143.356;218.48522920203735
143.422;218.49983022071308
143.463;218.553355704698
143.531;218.35906040268458
143.598;218.58167733243516
143.635;218.6005389019872
143.671;218.38363085213877
143.738;218.57959866220736
143.804;218.32976588628762
143.845;217.9165535956581
143.885;217.80223880597015
143.95;217.91363947909528
144.017;218.29335161069224
144.084;219.27414871438498
144.117;219.32661570535095
144.185;218.9814314652262
144.254;219.2440918298447
144.321;219.2332883187036
144.356;218.7371990505256
144.423;218.89827060020346
144.492;218.61610424323422
144.529;218.37754761109255
144.57;218.82335229173637
144.607;218.72800267648043
144.681;218.76021614319487
144.716;218.73623775751435
144.751;218.87639311043566
144.817;218.710615280595
144.854;219.04022988505747
144.921;218.62707275803723
144.96;218.82944162436547
144.998;218.7015228426396
145.071;218.692696061932
145.145;218.60215415684954
145.183;218.72371967654988
145.22;218.76549865229111
145.254;218.63578167115904
145.294;218.91307300509337
145.361;218.65874363327674
145.395;218.74813306177867
145.433;218.75729803122877
145.499;218.80472175379427
145.532;218.70691399662732
145.573;218.67116357504216
145.639;218.38785834738619
145.673;218.42596964586846
145.741;218.77660695468916
145.778;218.8451001053741
145.844;219.18429211160867
145.878;219.2869445401309
145.944;218.7866801893171
145.983;218.92021636240702
146.021;218.7423935091278
146.055;218.82319134550372
146.093;218.95368492224475
146.13;218.99560513860717
146.164;218.89046653144015
146.233;218.76387487386478
146.284;218.8358560376724
146.349;218.47908232118758
146.416;218.68859649122808
146.455;218.11099865047234
146.493;218.55799055967634
146.53;218.63385030343898
146.596;218.8451679944579
146.663;218.92310356771736
146.697;219.2512908777969
146.735;219.1659208261618
146.82;218.875
146.858;218.73607336956522
146.924;218.63977042538826
146.963;218.51485482781905
147.006;219.6012084592145
147.046;219.5038603558241
147.113;219.52668680765356
147.154;220.0257480862909
147.187;219.88691718858735
147.225;219.6882393876131
147.295;219.75646774749913
147.358;219.56502242152467
147.398;219.61228009658504
147.459;219.59958217270196
147.539;219.71071550838755
147.606;219.61177678877098
147.64;219.8544127866574
147.681;219.6556636553162
147.723;219.97047717130107
147.767;220.0672845863371
147.805;219.96052179883281
147.872;219.98798489529693
147.906;219.481241473397
147.945;219.42291950886766
148.013;219.27685950413223
148.079;219.44077134986225
148.145;219.80803267528933
148.18;219.64601769911505
148.217;219.76276378488768
148.25;218.99414600550963
148.286;218.9249311294766
148.354;219.19377162629758
148.391;219.3121107266436
148.426;219.41695501730104
148.467;219.34765897973446
148.504;219.23794549266248
148.574;219.23689727463312
148.614;219.1572327044025
148.67;219.05162393162394
148.737;218.91760683760683
148.773;218.80961923847696
148.84;218.6990647962592
148.877;218.57038269550748
148.915;218.60798668885192
148.95;218.7767054908486
149.017;218.83271123176112
149.051;218.9657278588395
149.087;218.8812351543943
149.122;218.86979865771812
149.17;218.99731543624162
149.246;219.15497661990648
149.282;219.16432865731463
149.319;218.99766199064797
149.357;218.94188376753507
149.392;218.71770972037282
149.43;218.79094540612516
149.468;218.85585885486017
149.503;219.04324505531343
149.578;218.789156626506
149.645;218.9367469879518
149.68;218.7133198106829
149.722;218.6365787694388
149.8;218.45543222334342
149.867;218.65153044063237
149.905;218.05905905905905
149.943;218.24557891224558
149.98;218.0663997330664
150.015;218.018018018018
150.083;218.69057995306738
150.15;218.66376131411332
150.185;218.1864801864802
150.225;218.1868131868132
150.306;218.34250663129973
150.376;218.3057029177719
150.411;218.11286001339585
150.448;218.13362357669124
150.516;218.02070808283233
150.551;217.95056780227122
150.619;218.2786119452786
150.653;218.34134134134135
150.69;218.06106106106105
150.759;217.8521855188522
150.831;218.13415858146539
150.899;218.55855855855856
150.937;218.4501167834501
151.005;217.80731225296444
151.387;218.80588839438548
151.493;218.3687056437986
151.607;218.57113889827644
151.674;218.38351611831172
151.74;218.60884014622798
151.807;218.41226002020883
151.846;218.23307510946447
151.919;218.35372069317023
151.959;218.38600067957867
152.027;218.16437897556077
152.064;218.03481754268498
152.129;218.50133958472873
152.196;218.31379772270597
152.23;218.34066666666666
152.269;218.59033333333332
152.337;218.87045760430686
152.414;218.81729475100943
152.472;218.58397845843152
152.543;218.69370582295522
152.611;219.01462087725264
152.649;219.22407344440666
152.686;218.7130405631914
152.753;218.48776399597722
152.786;218.67191161700703
152.857;218.40006695681285
152.926;218.13155258764607
152.967;217.9372287145242
153.034;218.97058823529412
153.072;219.21868512110726
153.111;219.34359861591696
153.179;219.09972583961618
153.216;218.83653187114462
153.283;219.36291709666324
153.32;219.37598899208805
153.387;219.93628808864267
153.466;219.7053324099723
153.508;219.48774594408007
153.575;219.51915774939593
153.614;219.35446090251463
153.647;219.47020323802963
153.687;219.569755425422
153.72;219.52361254739745
153.787;219.58841778697
153.822;219.39089968976216
153.889;219.16030013642566
153.924;219.42087312414733
153.962;219.9659559834938
154.053;220.07049518569463
154.089;219.45015416238437
154.191;219.3456663240836
154.224;219.24487704918033
154.325;219.24077868852459
154.393;218.94761584956348
154.427;218.87172599059772
154.463;219.13722294654497
154.498;219.39113428943938
154.566;219.36603650586702
154.633;218.98534201954396
154.673;218.92247557003256
154.714;219.91518605430775
154.822;219.6577896138482
154.861;219.83089214380826
154.896;219.32256990679093
154.929;219.86606546426185
154.996;219.5136940547762
155.064;219.10818908122502
155.106;219.21837549933423
155.145;219.4551175886055
155.183;219.27028817489236
155.222;219.77078502815502
155.26;219.7777409738324
155.298;219.83935077840346
155.333;219.8016694490818
155.401;219.9262103505843
155.44;219.2950279881462
155.507;219.24695423114915
155.542;219.4129074744814
155.576;219.46576695194207
155.642;219.3189598420013
155.676;219.32418127687728
155.712;219.1998015216672
155.753;219.1678880746169
155.789;219.2508327781479
155.856;219.50150451354062
155.891;219.2955533266466
155.958;219.49715814108993
155.997;219.4366432631227
156.047;219.4606365159129
156.124;219.1406717658796
156.191;219.10874625872964
156.225;219.4511908755451
156.262;219.46964106004697
156.318;219.3196392785571
156.354;218.66332665330663
156.421;218.9212730318258
156.454;219.14773869346735
156.521;219.67282051282052
156.556;219.78393162393164
156.628;219.96068376068376
156.666;219.90865051903114
156.734;219.94463667820068
156.801;219.06220419202162
156.836;219.21940500338067
156.903;219.8477601886157
156.94;219.75513640956552
156.983;219.36351396836082
157.058;219.25008414675193
157.092;219.40281110730203
157.13;219.5502228316764
157.202;219.67028126058963
157.241;219.65706540155878
157.28;219.69569637411047
157.349;219.69144220934197
157.416;219.92430958063417
157.453;219.5906271536871
157.489;219.57822191592007
157.526;219.6261199172984
157.56;219.65389924085576
157.598;219.65389924085576
157.633;219.7094547964113
157.676;219.296066252588
157.715;218.73968363136177
157.752;218.74931224209078
157.819;219.02510176390774
157.888;219.02306648575305
157.922;219.160518444666
157.956;219.4223994682619
157.99;219.09504818876704
158.026;219.16350947158526
158.093;219.23007367716008
158.131;219.01540522438043
158.21;219.14099129269925
158.245;219.17601612361437
158.283;219.23916694659053
158.318;219.03795767551227
158.353;219.06034482758622
158.391;218.9307029177719
158.457;218.81848626925654
158.494;218.8938379102478
158.531;219.35764944275581
158.57;219.44815940560622
158.654;219.2998986828774
158.688;218.63950368879946
158.755;218.57377598926894
158.821;218.55164319248826
158.856;219.22694300518134
158.923;219.35336787564768
158.957;219.11641483516485
159.024;218.98317307692307
159.064;219.25300377617577
159.132;219.42327497425336
159.191;218.97185032612427
159.259;218.80913147957432
159.294;218.90319258496396
159.328;218.85164835164835
159.395;219.05013736263737
159.428;218.65420560747663
159.469;218.7663551401869
159.506;218.75008653513328
159.577;218.79231568016615
159.622;219.87108843537416
159.69;219.41292517006804
159.723;219.09572368421053
159.791;218.96184210526314
159.824;218.99700897308077
159.861;218.95446992356264
159.901;218.52689243027888
159.968;218.51660026560424
160.038;219.13823038397328
160.076;218.97996661101837
160.152;219.04674457429047
160.186;219.29080612924716
160.253;219.32045303131247
160.294;219.30871590153026
160.361;219.45908183632736
160.396;219.530550918197
160.432;219.56627712854757
160.499;219.16749750747758
160.566;219.1764705882353
160.611;219.18950534759358
160.648;219.1577540106952
160.716;219.29846256684493
160.749;219.67691279652522
160.817;219.11478663579226
160.857;219.20344029110154
160.925;219.16341382732384
161.005;219.77983816587997
161.044;219.93594066082267
161.11;219.53887220553887
161.15;219.45745745745745
161.188;219.7758678800135
161.254;219.6076845298281
161.291;219.11503834611537
161.373;219.32577525841947
161.411;219.57190192180252
161.478;219.6547382372432
161.545;219.60447263017357
161.612;219.6024699599466
161.648;220.04665995300437
161.69;220.00906344410876
161.756;219.3475935828877
161.823;219.61898395721926
161.858;219.69745117510757
161.925;219.3151274412446
161.992;219.58780406531156
162.026;219.5568143952016
162.062;219.57714095301566
162.096;219.49383538820393
162.164;219.47948378557246
162.198;219.2796161482462
162.24;220.56623289956624
162.278;220.50717384050716
162.345;220.66833500166834
162.385;220.02869536202869
162.422;220.0643977310644
162.488;220.06172839506172
162.556;220.16366021646442
162.593;220.16956379140703
162.634;220.51925630810092
162.7;220.2765604249668
162.735;219.65631196298744
162.803;219.6430931923331
162.878;220.51551551551552
162.921;220.66332999666332
162.977;220.35137827964132
163.013;220.391564264364
163.061;220.3155097974095
163.128;220.2507472600465
163.161;220.30702917771885
163.234;220.21087533156498
163.266;220.2036605657238
163.302;220.1783693843594
163.369;220.34743504330447
163.444;220.55694491382224
163.486;220.60932747549847
163.557;220.74820390010262
163.595;220.79473144030106
163.629;220.81217926787548
163.669;221.06512749827706
163.746;221.1144038594073
163.82;221.11555708865126
163.886;220.91100379441187
163.953;221.19404019404018
164.021;220.91482758620688
164.057;221.0306896551724
164.124;220.4542049710589
164.198;220.61116785835887
164.234;220.35410282601293
164.268;220.21756894790602
164.303;220.6899727148704
164.351;220.7506821282401
164.418;220.2548551959114
164.476;220.31482112436115
164.52;220.3962521294719
164.56;220.73957273652084
164.629;221.1057985757884
164.664;219.9631650750341
164.699;219.85777626193723
164.733;220.07332878581173
164.799;220.61255636489767
164.849;220.687825182102
164.935;220.46021731510692
165.001;220.40068259385666
165.042;220.1764505119454
165.109;219.29419795221844
165.148;219.45221843003412
165.234;219.96498455200825
165.27;220.09131479574322
165.34;220.4553540882655
165.405;220.27540198426274
165.446;219.75927197802199
165.512;220.16002747252747
165.545;220.1488340192044
165.583;220.32270233196158
165.653;219.6214937478878
165.72;219.52010814464347
165.761;219.58363939899834
165.799;219.53923205342238
165.865;219.62470784641067
165.933;219.37450199203187
166.012;219.50099601593627
166.05;220.25159342502516
166.116;220.08755451190876
166.183;218.99471598414794
166.249;218.8279392338177
166.29;220.30647291941875
166.357;219.9389035667107
166.427;218.59429321088882
166.474;218.4080026238111
166.551;218.36733355198425
166.619;219.89310924369747
166.652;220.10319327731094
166.719;220.21915966386555
166.785;219.91549295774647
166.853;219.81656606304495
166.954;219.67535941156802
167.021;219.32731527917085
167.088;219.7143327841845
167.155;219.40395387149917
167.193;219.290408230999
167.26;219.35811483571192
167.294;219.09776443109777
167.333;219.0613947280614
167.402;218.83772075974676
167.469;218.6684438520493
167.512;218.67144285238254
167.578;219.19243641231594
167.616;219.30689424364124
167.683;219.07258330583966
167.725;218.63873309138899
167.815;218.7289256198347
167.855;218.78545454545454
167.89;219.1059405940594
167.957;219.08019801980197
167.994;219.07750910897647
168.032;219.15833057303743
168.066;219.03378602186154
168.105;218.6992406734896
168.171;218.68042258171013
168.213;218.7213601848795
168.279;219.18336673346693
168.346;218.74893337709221
168.414;218.4581555628487
168.452;219.00463116109825
168.519;219.00231558054912
168.586;218.61462450592884
168.623;218.62911725955203
168.689;218.69400527009222
168.723;218.7322134387352
168.789;218.37681638044913
168.823;218.54722589167767
168.894;218.87304231922693
168.96;219.1576141286238
169.032;218.9734395750332
169.099;218.8406374501992
169.138;218.4241334205363
169.206;218.2099411379987
169.276;219.29453924914677
169.343;219.4085324232082
169.382;219.48495212038304
169.45;219.5581395348837
169.521;219.5359097127223
169.57;219.1337601078167
169.644;219.20114555256066
169.711;219.26212938005392
169.745;218.8012798922196
169.779;218.56887841023914
169.858;218.84391891891892
169.926;219.0695945945946
169.964;219.57314974182444
170.035;219.2643717728055
170.075;218.80244814688882
170.153;218.97551853111187
170.194;219.12504294057024
170.261;219.36344898660255
170.294;218.77463818056512
170.364;219.05823569951758
170.431;218.9682977257064
170.467;219.1752506049084
170.534;219.15831316972
170.569;219.00693985459353
170.637;218.95373430270985
170.67;219.3015873015873
170.706;219.32010582010582
170.763;218.5687172774869
170.83;218.80006544502618
170.863;219.1821159515231
170.978;219.1543756145526
171.013;219.0825958702065
171.047;218.992133726647
171.081;218.8416912487709
171.116;219.17598953222114
171.185;218.93392214589466
171.263;218.88826815642457
171.3;218.7926388432468
171.337;218.9116003943477
171.372;218.98220171390903
171.409;219.2178642056691
171.476;219.2557138125207
171.511;219.01821795296456
171.554;219.92673869007427
171.622;220.0837272113437
171.697;220.09333784240783
171.765;219.74163003043626
171.81;219.75752451809265
171.847;219.68467251856853
171.881;219.89399054692774
171.948;220.06121751025992
171.982;220.0984952120383
172.02;219.78764348413233
172.088;219.85786630654962
172.158;219.73269032035824
172.243;219.8329314502239
172.276;220.09174001354097
172.314;220.06364251861882
172.381;219.6622296173045
172.416;219.5494176372712
172.482;219.4768824306473
172.517;219.47093791281372
172.552;219.0779392338177
172.62;218.8041775456919
172.656;218.8041775456919
172.754;219.2652329749104
172.793;219.25773867709353
172.828;219.29684418145956
172.865;219.21663379355687
172.901;219.07823800131493
172.94;219.0273296015805
173.016;218.7639117550214
173.05;219.11402925531914
173.127;219.52460106382978
173.197;219.53623670212767
173.23;220.2055536742296
173.277;219.94717236708433
173.313;219.897731120894
173.347;220.2602128389976
173.415;220.1454483230664
173.449;220.03080082135523
173.488;220.05509924709102
173.585;220.250085999312
173.635;220.2085910652921
173.67;220.11134020618556
173.738;219.99069286452948
173.806;220.11651154774216
173.872;219.89482699554642
173.91;220.03734155532717
173.975;220.5058099794942
174.016;220.83834586466165
174.087;220.1754626456477
174.17;220.13193968471555
174.237;219.96939477303988
174.272;219.87310866574967
174.306;220.00550206327372
174.34;220.22520661157026
174.408;220.3732782369146
174.442;220.0085645769099
174.479;220.07399794450154
174.548;220.1130524152107
174.615;220.76623827717958
174.683;220.96769711705454
174.749;219.95213849287168
174.783;220.153088934148
174.817;219.58336095459066
174.855;219.26118660921446
174.943;219.074196753892
175.009;218.6557322730285
175.044;218.76838966202783
175.11;219.61052283256123
175.144;219.65684976836533
175.178;219.67902051621442
175.212;219.40079496522029
175.247;219.47333554157007
175.281;219.15623954499833
175.347;219.0608899297424
175.39;219.0420669095727
175.426;219.0334547863531
175.492;219.08297520661156
175.527;219.30512396694215
175.561;219.3497520661157
175.596;219.62479228979728
175.632;219.44931871053507
175.664;219.371599203716
175.698;219.24850696748507
175.732;219.26443264764433
175.766;219.50782029950082
175.8;219.58502495840267
175.855;219.60476663356505
175.889;219.76762661370407
175.924;219.81297583581596
175.99;219.75041652782406
176.025;219.70943018993668
176.059;219.58778625954199
176.094;219.58778625954199
176.129;219.13066490241482
176.164;219.24412834932187
176.23;219.40210249671486
176.264;219.2966491458607
176.298;219.16590013140603
176.332;218.8355759763702
176.367;218.9058089924516
176.404;219.06719629261835
176.484;218.88513737173122
176.517;219.1892247043364
176.551;219.13764783180025
176.618;219.51933333333332
176.685;219.65966666666668
176.719;219.39729640619848
176.753;219.0853939993406
176.825;219.21402580218327
176.86;219.07707575256367
176.924;218.88488256698645
176.958;219.39914163090128
177.036;219.86430276167746
177.071;219.8530514831231
177.109;219.65734742584385
177.15;220.16620594333102
177.186;219.92881824464408
177.224;220.13026952315136
177.259;220.20102739726028
177.292;219.9373287671233
177.327;220.294097342078
177.361;220.45633413876425
177.395;220.22770592239618
177.432;220.50953029271614
177.5;220.40333560245065
177.536;220.5568413886998
177.57;219.8772465242455
177.605;219.81247880637505
177.671;220.6315429353404
177.705;220.45774888812863
177.739;220.14625850340136
177.772;219.94829931972788
177.805;219.88027210884354
177.838;219.4482058226134
177.872;219.4837508463101
177.931;220.15040927694406
177.998;220.21896316507502
178.033;219.90558963871848
178.069;219.80368098159508
178.103;219.99795501022496
178.136;220.04871355060035
178.17;220.04288164665522
178.207;220.0072041166381
178.242;219.41568495456076
178.343;219.39952877818916
178.388;219.47133757961782
178.462;219.23868588669126
178.53;218.69940672379695
178.568;218.53823335530652
178.605;218.93581303489137
178.673;219.0612244897959
178.707;219.27812397507378
178.774;219.45621515250903
178.809;219.47064611347983
178.875;218.71226104152933
178.913;218.80290046143705
178.979;218.68296685264195
179.017;218.78240892681325
179.054;218.48079470198675
179.089;218.76490066225165
179.127;218.77384105960266
179.193;218.3832786885246
179.264;218.25377049180327
179.298;218.5525704809287
179.337;218.38142620232173
179.402;218.60944206008583
179.441;218.88147903598548
179.48;218.93000990425884
179.552;218.86488272216715
179.619;218.8427485959696
179.686;218.5282271376692
179.754;218.42390227797952
179.788;218.84272997032642
179.829;218.9030662710188
179.899;218.84845463609173
179.934;218.91824526420737
179.972;218.72881355932202
180.009;218.52270467351673